subject,load,delay,probe,target,near,response
1,3,0.1,18,24,10,-1
1,3,0.1,311,307,296,-1
1,3,0.1,147,151,289,1
1,4,0.1,334,326,32,-1
1,3,0.1,77,73,60,-1
1,3,0.1,79,85,70,1
1,4,0.1,219,213,226,-1
1,4,0.1,258,250,301,-1
1,4,0.1,108,102,114,1
1,3,0.1,238,232,133,-1
1,4,0.1,324,332,316,1
1,3,0.1,237,229,246,-1
1,3,0.1,13,21,266,-1
1,4,0.1,297,303,93,-1
1,4,0.1,328,336,318,-1
1,4,0.1,92,96,112,1
1,4,0.1,157,161,175,1
1,4,0.1,165,171,87,1
1,3,0.1,292,296,51,-1
1,4,0.1,217,213,94,1
1,3,0.1,42,50,252,1
1,4,0.1,12,8,269,-1
1,3,0.1,197,191,97,-1
1,3,0.1,248,240,259,-1
1,4,0.1,347,353,250,1
1,3,0.1,98,106,330,1
1,3,0.1,0,4,351,1
1,4,0.1,63,55,155,-1
1,3,0.1,321,315,296,-1
1,4,0.1,186,182,196,-1
1,4,0.1,352,348,287,1
1,4,0.1,230,236,252,-1
1,4,0.1,42,34,22,-1
1,3,0.1,60,54,169,-1
1,4,0.1,231,223,151,-1
1,3,0.1,138,142,354,1
1,3,0.1,191,199,31,1
1,4,0.1,55,47,37,-1
1,4,0.1,96,92,255,-1
1,4,0.1,343,349,337,1
1,4,0.1,134,140,152,1
1,3,0.1,107,101,195,1
1,3,0.1,189,197,216,-1
1,4,0.1,167,163,177,1
1,3,0.1,84,78,67,-1
1,4,0.1,35,41,277,1
1,3,0.1,216,224,236,-1
1,3,0.1,173,177,21,1
1,3,0.1,31,35,22,1
1,3,0.1,204,208,218,1
1,4,0.1,206,214,356,1
1,4,0.1,31,27,16,-1
1,3,0.1,348,340,327,-1
1,4,0.1,191,185,350,-1
1,3,0.1,182,174,190,1
1,4,0.1,157,165,183,1
1,3,0.1,122,126,144,1
1,4,0.1,310,318,109,-1
1,3,0.1,230,226,49,1
1,4,0.1,236,244,263,1
1,3,0.1,293,285,158,-1
1,4,0.1,347,351,143,1
1,3,0.1,152,146,161,1
1,3,0.1,154,146,237,1
1,4,0.1,337,341,263,-1
1,3,0.1,141,135,150,1
1,3,0.1,310,316,66,-1
1,3,0.1,70,76,5,1
1,4,0.1,340,336,322,-1
1,4,0.1,302,296,114,-1
1,4,0.1,300,306,287,-1
1,4,0.1,9,15,4,-1
1,3,0.1,289,285,175,-1
1,3,0.1,52,44,27,1
1,4,0.1,199,193,205,1
1,4,0.1,180,172,183,-1
1,4,0.1,216,220,319,-1
1,4,0.1,268,276,153,-1
1,3,0.1,208,204,216,-1
1,3,0.1,352,348,167,-1
1,3,0.1,62,68,227,1
1,4,0.1,290,294,283,-1
1,4,0.1,167,171,298,1
1,3,0.1,22,30,16,-1
1,3,0.1,151,143,352,1
1,3,0.1,321,327,99,-1
1,4,0.1,12,6,350,-1
1,3,0.1,15,7,291,-1
1,4,0.1,293,287,273,-1
1,3,0.1,288,296,284,-1
1,3,0.1,224,220,22,-1
1,4,0.1,66,60,168,1
1,4,0.1,45,39,146,1
1,3,0.1,228,234,252,-1
1,4,0.1,341,345,332,-1
1,3,0.1,187,183,197,1
1,4,0.1,77,85,306,1
1,4,0.1,131,123,134,-1
1,3,0.1,192,198,216,-1
2,3,0.1,139,131,145,-1
2,4,0.1,151,155,167,-1
2,4,0.1,55,51,221,-1
2,3,0.1,64,58,139,1
2,3,0.1,328,334,316,1
2,3,0.1,325,331,319,1
2,3,0.1,221,213,232,-1
2,4,0.1,319,311,81,-1
2,4,0.1,205,199,216,1
2,3,0.1,286,294,86,1
2,4,0.1,205,211,339,1
2,4,0.1,190,184,203,-1
2,3,0.1,36,30,166,-1
2,3,0.1,73,69,56,-1
2,3,0.1,354,358,173,1
2,4,0.1,324,330,89,1
2,4,0.1,27,19,95,-1
2,3,0.1,97,101,311,1
2,3,0.1,113,121,203,1
2,3,0.1,294,290,275,1
2,4,0.1,320,328,311,1
2,4,0.1,306,314,303,1
2,4,0.1,74,70,227,-1
2,4,0.1,208,212,229,1
2,3,0.1,87,81,62,-1
2,3,0.1,149,157,168,1
2,3,0.1,333,327,244,-1
2,3,0.1,346,350,339,-1
2,4,0.1,209,215,157,1
2,4,0.1,133,129,62,-1
2,3,0.1,125,119,131,1
2,4,0.1,242,238,249,1
2,4,0.1,258,254,265,-1
2,3,0.1,202,210,349,1
2,3,0.1,82,76,224,-1
2,3,0.1,160,168,184,1
2,4,0.1,327,333,321,-1
2,4,0.1,171,177,190,1
2,4,0.1,289,281,270,-1
2,3,0.1,254,262,130,1
2,3,0.1,167,171,1,1
2,3,0.1,333,327,316,-1
2,4,0.1,238,244,262,1
2,4,0.1,127,123,23,-1
2,3,0.1,75,83,67,-1
2,4,0.1,32,24,134,-1
2,3,0.1,12,16,2,-1
2,4,0.1,278,284,158,1
2,4,0.1,25,17,357,-1
2,4,0.1,250,242,314,-1
2,3,0.1,115,119,300,1
2,3,0.1,152,156,175,1
2,3,0.1,100,92,321,-1
2,4,0.1,108,116,350,-1
2,4,0.1,246,254,265,1
2,3,0.1,71,77,177,1
2,3,0.1,341,337,106,-1
2,3,0.1,325,331,167,1
2,4,0.1,217,211,122,1
2,3,0.1,252,246,264,1
2,4,0.1,259,263,117,1
2,3,0.1,75,67,232,-1
2,4,0.1,54,50,35,-1
2,3,0.1,214,206,222,1
2,4,0.1,79,85,71,1
2,3,0.1,313,305,294,-1
2,3,0.1,315,307,290,-1
2,4,0.1,212,206,113,1
2,3,0.1,198,192,212,1
2,3,0.1,348,344,84,-1
2,3,0.1,124,128,146,1
2,4,0.1,338,344,326,1
2,4,0.1,347,343,331,-1
2,4,0.1,113,121,139,1
2,4,0.1,277,285,170,1
2,4,0.1,156,160,29,1
2,4,0.1,312,316,149,1
2,3,0.1,156,152,170,-1
2,4,0.1,74,78,66,1
2,3,0.1,73,81,64,-1
2,3,0.1,319,311,23,1
2,4,0.1,327,321,106,-1
2,3,0.1,96,92,202,-1
2,3,0.1,110,116,131,-1
2,4,0.1,313,321,125,1
2,3,0.1,196,202,109,-1
2,4,0.1,37,31,18,-1
2,3,0.1,324,320,101,-1
2,4,0.1,127,135,24,1
2,4,0.1,322,316,299,-1
2,3,0.1,121,117,127,1
2,4,0.1,23,17,324,-1
2,4,0.1,45,49,31,-1
2,4,0.1,127,119,134,-1
2,4,0.1,234,226,243,-1
2,3,0.1,186,192,211,1
2,3,0.1,276,268,4,-1
2,3,0.1,233,239,166,-1
2,3,0.1,16,22,10,-1
2,3,0.1,8,16,1,-1
2,4,0.1,241,245,34,-1
3,3,0.1,295,289,99,-1
3,3,0.1,152,144,156,-1
3,4,0.1,297,305,286,1
3,4,0.1,342,338,190,1
3,3,0.1,60,56,43,1
3,3,0.1,7,15,128,1
3,3,0.1,186,180,0,-1
3,3,0.1,43,49,32,1
3,3,0.1,141,133,153,-1
3,3,0.1,281,287,271,1
3,4,0.1,31,39,24,-1
3,4,0.1,162,158,283,1
3,4,0.1,170,164,177,1
3,3,0.1,336,332,313,1
3,4,0.1,125,119,135,-1
3,4,0.1,346,352,111,1
3,4,0.1,207,211,228,-1
3,4,0.1,246,252,191,1
3,3,0.1,17,25,231,1
3,4,0.1,336,328,115,1
3,4,0.1,124,128,143,1
3,4,0.1,327,319,64,1
3,3,0.1,61,65,324,1
3,3,0.1,158,162,256,1
3,4,0.1,137,133,149,-1
3,3,0.1,49,57,235,1
3,3,0.1,92,100,115,1
3,4,0.1,311,317,41,1
3,3,0.1,326,330,220,1
3,4,0.1,300,292,279,1
3,3,0.1,207,215,82,1
3,4,0.1,204,196,348,-1
3,3,0.1,8,12,353,1
3,4,0.1,245,241,254,-1
3,4,0.1,190,196,209,1
3,3,0.1,212,216,292,1
3,3,0.1,329,323,312,1
3,4,0.1,109,101,40,-1
3,4,0.1,340,336,248,1
3,4,0.1,19,11,355,-1
3,3,0.1,68,72,56,-1
3,3,0.1,208,216,234,1
3,4,0.1,114,110,9,-1
3,3,0.1,319,313,69,-1
3,3,0.1,14,8,168,-1
3,3,0.1,86,80,62,-1
3,4,0.1,115,121,69,1
3,4,0.1,163,169,184,1
3,4,0.1,48,56,231,1
3,3,0.1,93,97,111,1
3,3,0.1,265,271,14,1
3,4,0.1,187,195,208,-1
3,3,0.1,248,244,108,1
3,3,0.1,272,264,123,-1
3,4,0.1,45,41,25,-1
3,4,0.1,306,312,293,1
3,4,0.1,80,84,5,1
3,4,0.1,206,210,62,1
3,4,0.1,192,200,219,1
3,4,0.1,25,21,1,1
3,3,0.1,232,236,255,1
3,3,0.1,350,342,327,-1
3,3,0.1,315,307,288,-1
3,3,0.1,231,225,242,-1
3,4,0.1,325,331,312,1
3,3,0.1,134,130,261,-1
3,4,0.1,358,352,60,-1
3,3,0.1,19,25,160,-1
3,4,0.1,245,253,187,1
3,4,0.1,212,206,309,-1
3,3,0.1,236,230,243,1
3,3,0.1,49,41,119,-1
3,4,0.1,43,37,26,-1
3,4,0.1,322,326,315,1
3,3,0.1,314,322,311,1
3,3,0.1,139,131,214,-1
3,4,0.1,328,322,311,1
3,3,0.1,143,149,168,1
3,4,0.1,105,97,111,-1
3,4,0.1,325,319,167,-1
3,3,0.1,9,1,239,-1
3,4,0.1,64,68,120,1
3,3,0.1,132,128,138,-1
3,3,0.1,191,187,85,-1
3,4,0.1,264,272,70,1
3,4,0.1,78,82,63,-1
3,3,0.1,5,1,135,-1
3,4,0.1,238,232,31,-1
3,3,0.1,150,146,156,1
3,4,0.1,156,148,161,1
3,4,0.1,19,27,202,1
3,3,0.1,346,352,66,1
3,3,0.1,2,10,356,-1
3,3,0.1,59,65,194,-1
3,3,0.1,236,242,258,1
3,4,0.1,109,113,20,1
4,4,0.1,121,125,136,1
4,4,0.1,182,188,101,1
4,4,0.1,2,10,350,1
4,3,0.1,80,76,63,-1
4,3,0.1,146,138,157,1
4,4,0.1,130,124,137,1
4,3,0.1,77,83,67,1
4,4,0.1,275,267,129,-1
4,3,0.1,120,128,346,1
4,4,0.1,59,67,50,1
4,4,0.1,254,248,268,1
4,4,0.1,232,236,248,1
4,3,0.1,168,160,173,-1
4,4,0.1,286,292,217,-1
4,3,0.1,192,196,9,1
4,3,0.1,120,114,233,1
4,4,0.1,292,288,211,1
4,3,0.1,212,220,42,-1
4,3,0.1,24,18,240,-1
4,3,0.1,92,96,282,1
4,3,0.1,302,308,293,-1
4,3,0.1,69,65,48,-1
4,4,0.1,119,111,231,1
4,4,0.1,173,169,255,1
4,4,0.1,241,247,263,-1
4,4,0.1,201,193,287,-1
4,4,0.1,183,189,97,1
4,3,0.1,105,109,248,1
4,4,0.1,61,53,41,-1
4,4,0.1,186,182,199,-1
4,3,0.1,141,149,307,1
4,4,0.1,331,337,325,-1
4,4,0.1,343,335,321,-1
4,3,0.1,286,290,275,1
4,3,0.1,240,248,262,1
4,4,0.1,31,37,266,-1
4,3,0.1,339,333,321,-1
4,3,0.1,351,345,87,-1
4,3,0.1,308,316,300,-1
4,3,0.1,302,310,57,1
4,4,0.1,20,16,85,-1
4,4,0.1,130,122,248,0
4,3,0.1,325,329,115,-1
4,3,0.1,76,80,66,1
4,4,0.1,241,247,261,1
4,4,0.1,292,288,191,-1
4,3,0.1,238,246,264,1
4,3,0.1,298,292,278,-1
4,4,0.1,235,231,250,-1
4,3,0.1,282,276,6,-1
4,4,0.1,73,69,58,-1
4,3,0.1,133,127,145,1
4,3,0.1,201,195,212,-1
4,3,0.1,97,101,117,1
4,4,0.1,119,127,230,1
4,4,0.1,171,175,104,-1
4,3,0.1,25,17,357,-1
4,3,0.1,133,125,299,0
4,4,0.1,65,59,225,-1
4,3,0.1,215,221,89,1
4,4,0.1,171,179,197,1
4,4,0.1,276,280,63,-1
4,4,0.1,188,182,357,0
4,4,0.1,350,356,341,0
4,4,0.1,93,101,117,1
4,3,0.1,197,189,205,1
4,4,0.1,77,73,60,1
4,3,0.1,355,351,192,-1
4,3,0.1,248,240,315,-1
4,4,0.1,43,51,214,-1
4,3,0.1,296,288,273,-1
4,3,0.1,256,262,133,1
4,3,0.1,85,81,166,-1
4,3,0.1,248,252,270,1
4,4,0.1,302,308,292,1
4,4,0.1,173,177,30,1
4,4,0.1,80,74,59,-1
4,3,0.1,216,208,50,-1
4,3,0.1,133,139,152,1
4,3,0.1,25,33,17,1
4,3,0.1,337,329,102,-1
4,3,0.1,57,53,139,-1
4,4,0.1,231,235,43,-1
4,4,0.1,306,300,241,-1
4,4,0.1,242,234,245,-1
4,4,0.1,317,311,108,-1
4,4,0.1,190,198,28,1
4,4,0.1,158,150,163,1
4,3,0.1,317,325,307,1
4,3,0.1,239,245,262,0
4,3,0.1,136,142,357,1
4,3,0.1,142,138,148,-1
4,4,0.1,338,342,328,0
4,3,0.1,137,133,215,1
4,3,0.1,343,349,94,1
4,4,0.1,332,340,121,1
4,4,0.1,350,344,329,-1
4,3,0.1,235,231,246,-1
4,4,0.1,279,283,271,-1
5,3,0.1,194,186,197,-1
5,4,0.1,211,203,43,-1
5,4,0.1,311,319,307,1
5,3,0.1,338,342,164,-1
5,3,0.1,244,252,171,1
5,3,0.1,43,47,160,1
5,4,0.1,241,247,81,-1
5,3,0.1,155,163,311,1
5,4,0.1,28,20,132,-1
5,4,0.1,72,78,323,1
5,4,0.1,42,50,35,1
5,4,0.1,83,79,288,1
5,3,0.1,242,234,249,1
5,3,0.1,296,290,183,-1
5,4,0.1,169,163,174,1
5,3,0.1,350,344,148,-1
5,4,0.1,264,260,66,-1
5,3,0.1,350,346,332,-1
5,4,0.1,99,103,117,1
5,3,0.1,292,298,284,-1
5,3,0.1,76,72,60,-1
5,3,0.1,348,354,335,-1
5,4,0.1,229,223,238,-1
5,4,0.1,139,143,161,1
5,4,0.1,189,195,335,1
5,3,0.1,59,53,39,-1
5,4,0.1,162,158,225,1
5,3,0.1,36,30,115,-1
5,3,0.1,294,302,116,1
5,4,0.1,180,176,188,-1
5,4,0.1,221,213,299,-1
5,3,0.1,142,150,161,1
5,4,0.1,43,35,18,-1
5,4,0.1,153,149,349,1
5,3,0.1,117,121,356,1
5,3,0.1,328,336,112,1
5,4,0.1,154,146,162,1
5,3,0.1,232,240,252,1
5,4,0.1,209,215,228,-1
5,4,0.1,109,115,130,1
5,3,0.1,348,342,186,-1
5,3,0.1,61,65,45,1
5,4,0.1,243,249,333,-1
5,3,0.1,314,318,197,-1
5,3,0.1,31,25,15,-1
5,3,0.1,33,37,26,1
5,4,0.1,60,52,248,-1
5,4,0.1,68,60,49,-1
5,4,0.1,131,127,142,1
5,3,0.1,214,210,296,-1
5,3,0.1,104,110,334,1
5,4,0.1,82,88,76,1
5,3,0.1,140,132,324,1
5,3,0.1,40,46,230,1
5,4,0.1,82,86,193,1
5,3,0.1,194,186,202,-1
5,3,0.1,129,121,28,1
5,4,0.1,295,303,287,-1
5,4,0.1,288,282,339,-1
5,4,0.1,42,36,149,-1
5,3,0.1,129,133,151,1
5,3,0.1,96,100,117,1
5,4,0.1,71,77,67,1
5,4,0.1,10,6,351,-1
5,4,0.1,292,300,24,1
5,4,0.1,135,143,163,1
5,4,0.1,295,299,130,-1
5,3,0.1,98,90,80,-1
5,4,0.1,126,134,152,1
5,3,0.1,63,55,45,-1
5,3,0.1,258,252,267,-1
5,3,0.1,200,196,22,-1
5,4,0.1,295,291,280,-1
5,3,0.1,113,107,117,-1
5,4,0.1,243,251,120,1
5,3,0.1,174,170,190,-1
5,4,0.1,17,21,304,1
5,4,0.1,124,132,328,1
5,4,0.1,33,37,22,-1
5,4,0.1,132,126,48,1
5,4,0.1,257,249,267,-1
5,3,0.1,298,294,82,-1
5,3,0.1,116,122,206,1
5,3,0.1,165,171,190,1
5,3,0.1,224,216,342,-1
5,3,0.1,168,174,187,1
5,4,0.1,330,324,304,-1
5,4,0.1,134,142,353,1
5,3,0.1,75,83,71,1
5,3,0.1,29,21,276,1
5,3,0.1,327,323,224,-1
5,3,0.1,203,209,65,1
5,4,0.1,28,22,262,-1
5,4,0.1,301,295,281,-1
5,4,0.1,316,320,30,-1
5,4,0.1,238,230,244,-1
5,3,0.1,348,356,345,1
5,4,0.1,334,338,325,-1
5,3,0.1,229,225,239,-1
6,4,0.1,239,243,256,1
6,3,0.1,130,122,136,1
6,4,0.1,118,122,137,1
6,3,0.1,161,165,253,1
6,4,0.1,284,290,143,-1
6,3,0.1,325,321,308,-1
6,3,0.1,160,168,340,1
6,4,0.1,227,219,2,-1
6,3,0.1,174,166,178,1
6,3,0.1,132,136,33,1
6,4,0.1,3,11,353,-1
6,3,0.1,27,23,3,-1
6,4,0.1,123,117,133,1
6,4,0.1,180,174,185,1
6,3,0.1,65,71,52,-1
6,4,0.1,314,310,14,-1
6,4,0.1,334,326,269,-1
6,3,0.1,55,63,289,-1
6,4,0.1,343,339,143,-1
6,3,0.1,34,40,20,-1
6,3,0.1,9,3,160,-1
6,3,0.1,75,69,169,-1
6,4,0.1,313,321,307,-1
6,4,0.1,76,82,269,1
6,3,0.1,144,152,172,1
6,3,0.1,12,16,3,-1
6,3,0.1,352,346,334,-1
6,3,0.1,109,113,331,1
6,3,0.1,50,54,37,-1
6,4,0.1,58,50,346,-1
6,3,0.1,246,240,100,-1
6,3,0.1,201,209,228,1
6,4,0.1,222,228,39,1
6,3,0.1,346,350,120,-1
6,4,0.1,224,230,250,1
6,4,0.1,64,56,37,-1
6,4,0.1,357,349,334,-1
6,3,0.1,222,216,43,1
6,4,0.1,325,321,129,-1
6,4,0.1,30,22,199,-1
6,3,0.1,107,115,246,1
6,4,0.1,188,184,200,1
6,3,0.1,306,300,285,-1
6,3,0.1,58,66,308,-1
6,4,0.1,250,256,269,1
6,4,0.1,277,283,148,1
6,4,0.1,278,274,197,1
6,4,0.1,246,242,252,1
6,3,0.1,114,120,288,1
6,3,0.1,133,125,342,1
6,4,0.1,201,209,307,1
6,3,0.1,338,330,236,-1
6,4,0.1,14,10,355,-1
6,3,0.1,15,21,190,-1
6,3,0.1,154,158,170,1
6,4,0.1,223,217,9,-1
6,4,0.1,40,44,282,-1
6,3,0.1,240,244,260,1
6,4,0.1,150,158,173,1
6,3,0.1,40,32,21,-1
6,4,0.1,152,160,7,1
6,4,0.1,210,204,258,1
6,4,0.1,13,19,6,-1
6,4,0.1,148,156,174,1
6,3,0.1,154,148,164,1
6,3,0.1,298,290,272,-1
6,4,0.1,36,32,17,-1
6,3,0.1,149,143,159,1
6,3,0.1,8,4,197,-1
6,4,0.1,83,89,74,-1
6,3,0.1,15,11,190,-1
6,4,0.1,289,293,5,-1
6,4,0.1,163,167,272,1
6,3,0.1,103,99,237,-1
6,3,0.1,334,342,330,-1
6,3,0.1,316,308,192,-1
6,3,0.1,191,197,215,1
6,3,0.1,102,94,343,1
6,4,0.1,133,125,143,1
6,4,0.1,324,328,311,-1
6,3,0.1,79,85,194,1
6,4,0.1,355,349,208,-1
6,4,0.1,327,321,308,-1
6,4,0.1,57,61,49,-1
6,3,0.1,139,135,154,1
6,4,0.1,324,318,307,-1
6,3,0.1,118,114,130,1
6,4,0.1,88,82,238,-1
6,4,0.1,200,204,138,1
6,3,0.1,290,298,278,-1
6,3,0.1,353,359,135,-1
6,3,0.1,308,304,155,-1
6,4,0.1,200,192,212,1
6,3,0.1,150,156,172,1
6,4,0.1,345,353,149,-1
6,4,0.1,187,195,42,1
7,4,0.1,297,305,287,-1
7,4,0.1,43,49,128,-1
7,4,0.1,214,208,221,1
7,4,0.1,90,96,37,1
7,4,0.1,127,121,139,1
7,3,0.1,202,196,2,-1
7,3,0.1,166,158,174,-1
7,3,0.1,174,178,337,1
7,4,0.1,180,172,88,1
7,3,0.1,161,165,68,1
7,4,0.1,134,126,353,1
7,4,0.1,306,302,4,-1
7,3,0.1,297,305,138,1
7,3,0.1,89,85,69,-1
7,4,0.1,289,285,79,-1
7,3,0.1,334,342,249,-1
7,3,0.1,220,214,289,-1
7,3,0.1,52,58,44,-1
7,4,0.1,140,144,156,1
7,3,0.1,169,161,178,-1
7,4,0.1,280,288,271,-1
7,3,0.1,334,340,326,1
7,3,0.1,339,335,325,-1
7,4,0.1,247,251,268,1
7,3,0.1,103,111,125,1
7,3,0.1,22,16,293,-1
7,4,0.1,126,122,141,-1
7,3,0.1,228,236,47,1
7,3,0.1,231,239,252,1
7,3,0.1,33,27,9,-1
7,3,0.1,24,18,213,-1
7,3,0.1,246,250,24,-1
7,3,0.1,348,352,334,-1
7,4,0.1,43,35,266,-1
7,4,0.1,220,216,226,1
7,4,0.1,193,199,214,1
7,4,0.1,48,40,20,-1
7,3,0.1,65,73,229,1
7,4,0.1,107,103,170,1
7,4,0.1,73,65,356,-1
7,4,0.1,216,222,236,1
7,3,0.1,302,306,109,-1
7,4,0.1,55,47,35,-1
7,4,0.1,130,136,290,1
7,3,0.1,308,302,282,-1
7,4,0.1,298,294,143,-1
7,4,0.1,253,245,261,1
7,4,0.1,254,260,160,1
7,3,0.1,347,351,334,-1
7,3,0.1,112,106,118,1
7,4,0.1,356,352,337,-1
7,4,0.1,98,92,267,-1
7,4,0.1,199,203,40,1
7,4,0.1,11,5,266,-1
7,4,0.1,207,215,21,1
7,3,0.1,51,43,28,-1
7,3,0.1,120,114,131,-1
7,3,0.1,194,200,301,1
7,4,0.1,288,292,96,-1
7,3,0.1,268,274,191,0
7,4,0.1,156,164,177,1
7,4,0.1,227,235,250,1
7,3,0.1,243,239,116,-1
7,4,0.1,27,23,9,-1
7,3,0.1,29,21,10,-1
7,4,0.1,198,206,153,1
7,3,0.1,133,125,352,1
7,3,0.1,116,110,120,-1
7,4,0.1,306,312,301,-1
7,3,0.1,83,79,275,1
7,3,0.1,144,148,162,0
7,4,0.1,312,318,308,-1
7,3,0.1,111,115,128,-1
7,3,0.1,98,90,235,-1
7,3,0.1,57,65,53,1
7,4,0.1,4,8,356,-1
7,4,0.1,292,300,29,1
7,4,0.1,30,38,123,1
7,3,0.1,160,166,181,1
7,3,0.1,182,188,80,1
7,3,0.1,312,318,306,-1
7,3,0.1,67,59,310,-1
7,3,0.1,141,147,165,1
7,4,0.1,179,173,86,-1
7,3,0.1,202,198,216,1
7,3,0.1,326,334,324,1
7,4,0.1,207,199,216,1
7,4,0.1,132,136,205,1
7,4,0.1,12,6,351,-1
7,3,0.1,304,296,32,-1
7,4,0.1,302,306,286,-1
7,4,0.1,100,92,104,-1
7,3,0.1,250,246,259,-1
7,3,0.1,103,99,341,1
7,4,0.1,201,195,56,1
7,3,0.1,337,333,58,-1
7,3,0.1,216,222,11,1
7,4,0.1,92,96,181,1
7,4,0.1,334,328,309,-1
8,4,0.1,141,135,146,1
8,3,0.1,234,228,329,-1
8,4,0.1,174,178,193,-1
8,4,0.1,301,309,290,-1
8,4,0.1,105,99,118,1
8,3,0.1,353,349,333,-1
8,3,0.1,307,301,26,-1
8,3,0.1,323,327,127,-1
8,4,0.1,120,126,24,1
8,4,0.1,280,272,64,1
8,3,0.1,312,316,107,1
8,4,0.1,59,55,266,-1
8,4,0.1,79,87,72,-1
8,3,0.1,254,262,173,-1
8,4,0.1,181,185,198,1
8,3,0.1,4,0,343,-1
8,3,0.1,304,312,237,-1
8,3,0.1,33,39,29,-1
8,4,0.1,76,82,314,-1
8,3,0.1,310,316,300,-1
8,3,0.1,256,248,265,-1
8,3,0.1,256,248,262,-1
8,4,0.1,209,205,31,-1
8,4,0.1,153,145,269,-1
8,3,0.1,241,249,264,1
8,3,0.1,341,345,157,-1
8,3,0.1,107,111,324,1
8,4,0.1,302,294,276,-1
8,3,0.1,61,55,39,-1
8,4,0.1,228,220,318,1
8,3,0.1,174,168,291,-1
8,4,0.1,172,178,193,-1
8,4,0.1,241,247,164,-1
8,4,0.1,76,68,48,-1
8,3,0.1,329,333,318,-1
8,3,0.1,28,22,6,1
8,3,0.1,159,167,93,-1
8,4,0.1,230,226,243,-1
8,3,0.1,181,189,207,-1
8,3,0.1,79,73,215,-1
8,4,0.1,3,9,197,1
8,3,0.1,69,77,61,-1
8,4,0.1,25,21,272,1
8,4,0.1,208,200,40,-1
8,3,0.1,319,323,312,-1
8,4,0.1,57,53,267,1
8,3,0.1,194,202,13,1
8,4,0.1,258,254,264,-1
8,4,0.1,240,246,258,-1
8,4,0.1,325,321,302,-1
8,4,0.1,224,232,244,1
8,4,0.1,296,292,276,1
8,3,0.1,115,121,310,1
8,4,0.1,74,80,63,-1
8,3,0.1,112,116,133,1
8,3,0.1,303,299,204,-1
8,3,0.1,178,174,352,-1
8,4,0.1,298,304,290,1
8,4,0.1,350,354,217,1
8,3,0.1,122,128,230,1
8,3,0.1,209,203,217,1
8,4,0.1,226,220,321,-1
8,3,0.1,328,320,303,-1
8,3,0.1,221,215,232,1
8,4,0.1,225,219,282,-1
8,3,0.1,211,215,233,1
8,4,0.1,6,14,213,1
8,4,0.1,18,26,185,1
8,3,0.1,339,331,313,-1
8,3,0.1,125,117,287,1
8,4,0.1,195,203,215,-1
8,4,0.1,308,312,60,1
8,3,0.1,14,6,247,-1
8,4,0.1,325,319,306,-1
8,3,0.1,289,295,143,-1
8,3,0.1,109,115,341,1
8,4,0.1,53,47,30,-1
8,3,0.1,332,340,328,-1
8,4,0.1,208,200,217,1
8,3,0.1,122,128,146,1
8,4,0.1,34,42,212,1
8,4,0.1,304,312,165,1
8,4,0.1,241,235,294,-1
8,4,0.1,15,9,99,1
8,4,0.1,321,325,311,-1
8,3,0.1,288,280,176,-1
8,3,0.1,105,97,294,1
8,4,0.1,231,223,242,-1
8,3,0.1,206,202,328,1
8,4,0.1,104,108,330,1
8,4,0.1,97,101,172,1
8,3,0.1,166,162,182,-1
8,3,0.1,169,175,186,-1
8,3,0.1,79,87,72,1
8,3,0.1,18,14,101,-1
8,4,0.1,318,322,304,-1
8,3,0.1,256,252,268,1
1,4,0.1,37,33,43,-1
1,3,0.1,164,168,152,1
1,4,0.1,303,299,313,-1
1,4,0.1,157,149,137,-1
1,3,0.1,265,259,247,-1
1,4,0.1,108,114,102,1
1,3,0.1,271,279,295,1
1,4,0.1,281,287,302,-1
1,4,0.1,324,316,332,1
1,4,0.1,149,141,127,-1
1,3,0.1,135,139,127,1
1,3,0.1,216,210,193,-1
1,3,0.1,300,308,322,-1
1,4,0.1,305,311,330,-1
1,4,0.1,12,6,25,-1
1,4,0.1,165,173,156,1
1,3,0.1,150,146,135,-1
1,3,0.1,151,157,146,1
1,3,0.1,198,194,179,-1
1,3,0.1,246,252,235,-1
1,3,0.1,296,288,301,-1
1,4,0.1,18,22,42,-1
1,4,0.1,343,337,349,1
1,3,0.1,64,56,70,-1
1,4,0.1,0,4,15,-1
1,4,0.1,152,160,148,1
1,3,0.1,315,311,325,1
1,3,0.1,182,190,174,1
1,4,0.1,203,197,181,-1
1,4,0.1,127,131,117,1
1,4,0.1,193,197,179,1
1,4,0.1,270,264,249,-1
1,3,0.1,208,216,201,1
1,4,0.1,33,25,43,-1
1,3,0.1,343,339,350,1
1,3,0.1,289,295,313,-1
1,4,0.1,45,37,50,-1
1,3,0.1,18,24,39,1
1,4,0.1,199,205,193,1
1,4,0.1,114,110,98,1
1,4,0.1,47,55,74,1
1,3,0.1,250,242,224,-1
1,4,0.1,34,42,59,1
1,3,0.1,276,268,252,-1
1,4,0.1,211,217,199,1
1,4,0.1,185,181,166,-1
1,3,0.1,294,288,299,-1
1,3,0.1,3,7,24,1
1,3,0.1,6,10,25,1
1,3,0.1,76,70,89,-1
2,4,0.1,169,161,146,-1
2,3,0.1,325,319,331,1
2,3,0.1,233,227,210,-1
2,4,0.1,299,295,314,-1
2,3,0.1,5,13,24,1
2,3,0.1,157,161,150,-1
2,4,0.1,330,326,341,1
2,3,0.1,337,345,3,1
2,4,0.1,270,276,292,1
2,3,0.1,185,189,174,1
2,4,0.1,194,186,168,-1
2,3,0.1,186,180,163,-1
2,4,0.1,15,21,40,1
2,4,0.1,23,27,42,-1
2,4,0.1,127,135,124,1
2,4,0.1,353,357,11,-1
2,3,0.1,176,172,155,-1
2,3,0.1,273,269,257,1
2,3,0.1,125,131,119,1
2,3,0.1,310,302,321,-1
2,4,0.1,327,321,333,-1
2,3,0.1,249,255,237,-1
2,4,0.1,201,209,191,-1
2,4,0.1,18,12,26,-1
2,3,0.1,75,67,83,-1
2,3,0.1,295,291,311,-1
2,4,0.1,238,232,214,-1
2,3,0.1,269,275,292,1
2,3,0.1,284,280,297,-1
2,3,0.1,214,222,206,1
2,3,0.1,23,29,44,-1
2,4,0.1,229,223,209,1
2,3,0.1,112,120,103,1
2,4,0.1,356,348,7,-1
2,4,0.1,122,126,109,-1
2,4,0.1,260,264,253,1
2,4,0.1,280,272,291,-1
2,3,0.1,149,141,123,-1
2,4,0.1,17,25,36,1
2,4,0.1,252,258,238,1
2,3,0.1,142,134,122,1
2,4,0.1,156,152,132,-1
2,3,0.1,352,356,8,1
2,3,0.1,60,54,69,-1
2,4,0.1,205,211,194,-1
2,4,0.1,194,190,178,-1
2,4,0.1,305,313,323,-1
2,3,0.1,16,10,22,-1
2,3,0.1,311,315,331,1
3,3,0.1,268,276,294,1
3,3,0.1,335,343,3,-1
3,4,0.1,216,208,192,1
3,3,0.1,109,113,98,1
3,3,0.1,120,124,104,1
3,3,0.1,258,252,237,1
3,3,0.1,234,228,210,-1
3,4,0.1,64,70,86,1
3,4,0.1,35,41,58,1
3,4,0.1,213,205,193,-1
3,4,0.1,294,290,309,1
3,4,0.1,313,309,327,1
3,4,0.1,24,18,29,1
3,3,0.1,214,210,195,-1
3,3,0.1,142,138,126,-1
3,4,0.1,109,117,97,1
3,4,0.1,39,43,53,-1
3,4,0.1,57,51,67,-1
3,4,0.1,297,301,316,1
3,3,0.1,226,232,221,1
3,3,0.1,353,345,356,-1
3,4,0.1,198,206,189,1
3,3,0.1,123,129,115,1
3,3,0.1,353,345,359,-1
3,3,0.1,53,49,60,-1
3,4,0.1,135,139,121,1
3,3,0.1,334,330,342,-1
3,4,0.1,151,155,138,-1
3,4,0.1,327,319,332,-1
3,4,0.1,139,133,120,-1
3,3,0.1,144,152,135,1
3,4,0.1,353,345,358,-1
3,4,0.1,264,258,244,-1
3,3,0.1,287,293,308,1
3,3,0.1,351,357,11,1
3,3,0.1,125,133,120,1
3,4,0.1,349,357,15,1
3,4,0.1,190,196,180,1
3,4,0.1,206,202,182,-1
3,3,0.1,351,355,7,-1
3,3,0.1,23,27,38,1
3,3,0.1,16,10,26,-1
3,3,0.1,64,58,73,-1
3,4,0.1,39,47,65,-1
3,4,0.1,232,228,210,-1
3,3,0.1,207,199,182,-1
3,4,0.1,153,159,148,1
3,3,0.1,139,131,114,-1
4,4,0.1,8,14,32,1
4,3,0.1,300,308,322,1
4,4,0.1,332,328,341,-1
4,3,0.1,202,206,187,1
4,3,0.1,242,236,220,-1
4,4,0.1,163,155,145,-1
4,3,0.1,127,121,104,-1
4,4,0.1,68,64,78,-1
4,4,0.1,12,18,31,1
4,4,0.1,235,227,211,-1
4,3,0.1,275,283,299,1
4,3,0.1,243,247,237,1
4,4,0.1,144,152,135,0
4,3,0.1,105,111,98,1
4,4,0.1,24,28,46,-1
4,4,0.1,331,325,337,-1
4,4,0.1,131,139,126,1
4,3,0.1,186,182,171,1
4,3,0.1,188,194,175,1
4,3,0.1,308,300,316,-1
4,3,0.1,266,262,251,-1
4,4,0.1,300,294,313,-1
4,4,0.1,352,356,10,1
4,3,0.1,55,47,64,-1
4,4,0.1,229,233,221,1
4,3,0.1,308,314,333,1
4,3,0.1,262,270,256,1
4,4,0.1,115,109,95,-1
4,4,0.1,256,250,237,-1
4,3,0.1,304,310,325,-1
4,3,0.1,326,322,338,-1
4,4,0.1,307,299,314,-1
4,3,0.1,197,205,189,1
4,4,0.1,109,113,99,1
4,3,0.1,26,22,35,-1
4,4,0.1,335,327,346,-1
4,3,0.1,25,17,33,1
4,4,0.1,311,319,335,1
4,4,0.1,119,115,96,1
4,3,0.1,23,17,32,-1
4,3,0.1,38,42,52,-1
4,3,0.1,56,50,68,-1
4,3,0.1,156,148,129,-1
4,4,0.1,162,158,139,-1
4,4,0.1,131,137,120,1
4,4,0.1,221,227,214,-1
4,4,0.1,341,349,1,1
4,3,0.1,280,284,299,-1
4,3,0.1,172,164,150,-1
5,3,0.1,230,234,221,-1
5,4,0.1,124,116,106,1
5,4,0.1,138,130,110,1
5,3,0.1,275,269,250,-1
5,4,0.1,2,8,20,1
5,4,0.1,340,336,347,-1
5,3,0.1,136,130,113,1
5,4,0.1,337,333,349,-1
5,3,0.1,306,314,330,1
5,4,0.1,283,289,305,1
5,3,0.1,121,125,107,1
5,3,0.1,6,14,30,1
5,3,0.1,176,172,162,-1
5,4,0.1,291,295,310,1
5,3,0.1,169,175,158,1
5,4,0.1,55,59,77,-1
5,3,0.1,352,344,358,-1
5,4,0.1,330,324,337,-1
5,3,0.1,189,185,173,-1
5,4,0.1,36,30,48,-1
5,3,0.1,119,125,111,1
5,4,0.1,186,194,181,-1
5,4,0.1,154,162,146,1
5,3,0.1,43,35,46,-1
5,4,0.1,82,76,88,1
5,3,0.1,300,306,324,1
5,3,0.1,194,202,186,-1
5,4,0.1,138,132,112,1
5,4,0.1,222,226,216,-1
5,4,0.1,295,287,303,-1
5,3,0.1,190,198,185,1
5,4,0.1,228,232,214,-1
5,4,0.1,304,296,309,-1
5,3,0.1,296,292,312,-1
5,3,0.1,38,34,51,-1
5,3,0.1,315,321,332,1
5,4,0.1,138,132,116,1
5,3,0.1,277,281,293,1
5,3,0.1,19,23,42,1
5,4,0.1,208,214,201,-1
5,3,0.1,214,206,195,-1
5,4,0.1,9,17,36,1
5,4,0.1,191,187,173,-1
5,3,0.1,149,141,126,1
5,3,0.1,12,6,21,-1
5,4,0.1,308,316,335,1
5,4,0.1,223,229,214,-1
5,4,0.1,146,142,130,1
5,3,0.1,311,305,320,-1
6,3,0.1,163,167,148,1
6,3,0.1,271,279,297,1
6,3,0.1,172,166,150,1
6,4,0.1,288,294,312,1
6,3,0.1,157,151,136,1
6,4,0.1,328,324,340,-1
6,4,0.1,160,152,140,1
6,4,0.1,295,301,313,-1
6,4,0.1,165,157,137,1
6,4,0.1,10,6,17,-1
6,3,0.1,229,233,216,1
6,3,0.1,295,303,316,1
6,3,0.1,184,180,166,1
6,3,0.1,313,305,318,-1
6,4,0.1,65,69,87,-1
6,4,0.1,326,330,341,-1
6,3,0.1,244,250,239,-1
6,3,0.1,198,194,183,1
6,4,0.1,323,317,336,-1
6,4,0.1,21,15,26,-1
6,4,0.1,132,140,126,1
6,3,0.1,10,2,21,-1
6,4,0.1,220,228,216,1
6,3,0.1,204,210,193,1
6,3,0.1,241,249,235,1
6,4,0.1,193,187,167,1
6,4,0.1,55,47,61,-1
6,4,0.1,61,53,67,-1
6,3,0.1,36,32,45,-1
6,4,0.1,153,157,143,1
6,4,0.1,112,106,91,1
6,3,0.1,34,40,52,-1
6,3,0.1,308,304,321,1
6,4,0.1,111,115,104,-1
6,3,0.1,122,130,118,1
6,3,0.1,345,351,7,1
6,3,0.1,273,277,292,1
6,4,0.1,219,215,202,1
6,4,0.1,300,308,324,1
6,3,0.1,334,328,346,-1
6,3,0.1,60,64,79,1
6,4,0.1,247,243,225,-1
6,4,0.1,306,314,332,-1
6,3,0.1,144,136,123,1
6,4,0.1,99,105,94,1
6,3,0.1,278,272,282,1
6,3,0.1,135,127,111,-1
6,4,0.1,236,242,229,1
7,3,0.1,192,186,168,1
7,4,0.1,240,232,214,-1
7,3,0.1,292,300,319,-1
7,3,0.1,166,174,158,-1
7,4,0.1,3,9,27,-1
7,3,0.1,108,112,93,1
7,4,0.1,345,351,5,-1
7,3,0.1,344,352,7,1
7,4,0.1,73,69,82,-1
7,3,0.1,112,116,100,1
7,4,0.1,191,183,166,1
7,4,0.1,289,285,299,-1
7,3,0.1,164,158,138,1
7,4,0.1,76,70,88,-1
7,4,0.1,0,4,23,-1
7,3,0.1,318,310,320,-1
7,3,0.1,293,285,296,-1
7,4,0.1,137,145,126,-1
7,3,0.1,185,181,162,-1
7,3,0.1,263,259,243,-1
7,4,0.1,35,29,42,1
7,3,0.1,248,254,236,1
7,4,0.1,302,306,317,-1
7,4,0.1,253,261,245,1
7,3,0.1,112,118,106,1
7,3,0.1,310,306,324,-1
7,3,0.1,283,289,308,-1
7,3,0.1,148,156,141,1
7,4,0.1,260,254,237,0
7,3,0.1,25,31,48,-1
7,4,0.1,168,172,154,1
7,4,0.1,265,269,251,-1
7,4,0.1,14,6,19,-1
7,4,0.1,157,151,137,1
7,3,0.1,49,45,60,1
7,4,0.1,18,10,29,-1
7,3,0.1,196,204,190,1
7,4,0.1,220,216,200,1
7,4,0.1,124,130,113,1
7,3,0.1,312,306,318,-1
7,4,0.1,44,52,72,-1
7,3,0.1,243,235,217,-1
7,3,0.1,46,40,58,-1
7,3,0.1,339,343,357,-1
7,3,0.1,59,63,76,-1
7,3,0.1,225,217,197,1
7,4,0.1,191,187,175,1
7,4,0.1,228,234,221,-1
7,4,0.1,284,292,310,-1
8,4,0.1,265,257,238,-1
8,4,0.1,354,350,5,1
8,3,0.1,184,188,169,-1
8,3,0.1,270,264,249,-1
8,3,0.1,206,210,194,1
8,4,0.1,217,209,192,-1
8,4,0.1,281,277,297,-1
8,3,0.1,333,341,356,1
8,4,0.1,44,50,68,1
8,3,0.1,263,257,239,-1
8,4,0.1,325,331,342,-1
8,3,0.1,331,339,350,-1
8,4,0.1,352,346,1,-1
8,4,0.1,18,22,40,-1
8,4,0.1,119,127,108,1
8,4,0.1,183,191,179,-1
8,3,0.1,144,140,128,-1
8,3,0.1,158,164,154,1
8,4,0.1,347,351,3,1
8,3,0.1,31,23,36,-1
8,3,0.1,69,61,77,-1
8,3,0.1,211,207,192,1
8,3,0.1,139,145,134,-1
8,4,0.1,73,67,84,-1
8,4,0.1,346,338,352,1
8,4,0.1,48,40,51,-1
8,3,0.1,124,132,121,1
8,4,0.1,195,189,174,-1
8,4,0.1,196,190,176,-1
8,3,0.1,227,235,221,-1
8,4,0.1,113,117,97,1
8,3,0.1,336,342,353,1
8,4,0.1,214,218,205,-1
8,3,0.1,63,69,85,1
8,3,0.1,275,271,290,-1
8,3,0.1,353,349,3,-1
8,3,0.1,319,313,324,-1
8,4,0.1,169,165,153,-1
8,4,0.1,129,135,117,1
8,4,0.1,243,239,226,-1
8,3,0.1,53,57,77,-1
8,3,0.1,196,188,177,-1
8,4,0.1,300,308,321,-1
8,3,0.1,288,282,296,-1
8,4,0.1,195,201,181,1
8,4,0.1,0,8,24,1
8,3,0.1,264,256,238,-1
8,3,0.1,319,323,341,1
1,3,1,162,156,35,1
1,4,1,242,248,168,-1
1,4,1,214,208,227,-1
1,4,1,93,99,182,1
1,4,1,326,334,322,1
1,4,1,142,146,162,1
1,3,1,266,270,90,1
1,4,1,187,181,200,-1
1,3,1,23,29,18,-1
1,3,1,72,68,56,-1
1,3,1,179,171,190,-1
1,3,1,115,119,27,1
1,4,1,141,137,191,-1
1,4,1,13,5,312,-1
1,3,1,5,13,126,-1
1,4,1,82,78,209,-1
1,3,1,34,28,131,-1
1,3,1,314,310,291,1
1,4,1,31,39,26,1
1,4,1,71,63,312,-1
1,3,1,320,328,240,-1
1,3,1,36,42,30,1
1,4,1,218,222,234,1
1,3,1,203,195,208,-1
1,4,1,353,345,332,-1
1,4,1,220,216,230,-1
1,3,1,132,126,138,1
1,4,1,250,256,269,1
1,3,1,204,208,320,1
1,4,1,83,75,135,-1
1,4,1,157,153,168,-1
1,3,1,223,231,247,1
1,3,1,45,49,38,1
1,4,1,223,229,67,-1
1,4,1,219,225,26,-1
1,3,1,302,310,294,-1
1,4,1,162,168,183,1
1,3,1,324,318,304,-1
1,4,1,309,301,86,-1
1,3,1,311,305,107,-1
1,3,1,225,233,250,1
1,3,1,341,345,334,-1
1,3,1,149,157,279,1
1,4,1,97,93,307,1
1,4,1,58,50,38,-1
1,3,1,293,301,285,-1
1,4,1,100,96,178,1
1,3,1,76,70,59,-1
1,3,1,40,48,309,-1
1,3,1,261,255,140,-1
1,3,1,154,158,59,1
1,3,1,37,33,223,-1
1,4,1,44,40,28,-1
1,3,1,56,48,156,-1
1,4,1,130,134,274,1
1,4,1,355,359,279,1
1,4,1,74,70,59,1
1,3,1,256,262,30,1
1,3,1,323,329,185,-1
1,3,1,359,351,332,-1
1,4,1,135,143,157,1
1,4,1,71,77,63,1
1,4,1,10,18,2,-1
1,4,1,36,44,155,-1
1,3,1,58,50,32,-1
1,4,1,120,128,141,1
1,3,1,144,148,160,1
1,3,1,211,205,218,-1
1,3,1,108,104,196,1
1,4,1,290,296,286,-1
1,4,1,269,263,151,1
1,3,1,237,231,247,-1
1,4,1,342,336,88,1
1,3,1,103,107,125,1
1,4,1,38,46,228,-1
1,3,1,136,128,216,1
1,4,1,328,322,308,-1
1,3,1,164,170,184,1
1,3,1,105,101,246,1
1,4,1,13,7,88,-1
1,4,1,53,57,1,1
1,4,1,66,74,20,1
1,4,1,164,156,175,1
1,3,1,343,335,70,-1
1,3,1,137,133,152,-1
1,3,1,9,17,0,1
1,4,1,339,343,324,-1
1,4,1,96,90,80,-1
1,4,1,200,208,46,-1
1,3,1,183,189,19,1
1,3,1,130,126,145,1
1,3,1,291,299,282,1
1,4,1,209,201,220,-1
1,3,1,107,103,325,1
1,3,1,187,193,32,1
1,4,1,319,323,305,-1
1,3,1,33,25,264,1
1,3,1,152,158,177,1
1,4,1,237,231,159,-1
1,4,1,167,171,67,1
2,3,1,285,281,271,-1
2,4,1,4,12,353,-1
2,4,1,242,248,170,1
2,3,1,343,337,186,-1
2,4,1,182,186,205,-1
2,3,1,215,207,223,1
2,3,1,116,110,359,-1
2,3,1,228,232,19,1
2,4,1,41,37,215,-1
2,3,1,329,337,121,-1
2,4,1,39,31,207,-1
2,3,1,37,43,26,1
2,4,1,200,192,8,-1
2,4,1,129,135,271,1
2,3,1,259,263,15,1
2,4,1,138,142,158,1
2,3,1,80,76,63,-1
2,4,1,135,129,142,1
2,3,1,351,357,341,1
2,4,1,171,165,176,-1
2,4,1,29,37,21,1
2,3,1,22,30,142,-1
2,3,1,231,223,242,-1
2,4,1,307,303,42,-1
2,4,1,10,2,347,-1
2,3,1,346,354,189,1
2,4,1,219,225,243,1
2,3,1,288,292,277,1
2,3,1,244,252,270,1
2,3,1,75,79,307,-1
2,3,1,354,348,337,-1
2,4,1,293,299,215,1
2,4,1,60,52,103,-1
2,3,1,341,335,325,-1
2,4,1,219,225,242,1
2,3,1,355,359,339,1
2,3,1,113,121,135,1
2,4,1,90,82,66,-1
2,4,1,157,149,77,1
2,3,1,254,248,17,-1
2,3,1,307,315,172,1
2,4,1,252,248,167,-1
2,3,1,117,111,123,1
2,4,1,104,100,112,1
2,4,1,335,331,62,-1
2,3,1,12,6,237,-1
2,4,1,261,257,268,-1
2,4,1,111,117,18,-1
2,3,1,132,136,263,1
2,4,1,324,320,308,-1
2,4,1,207,201,18,-1
2,4,1,295,289,351,-1
2,3,1,237,231,245,1
2,4,1,171,179,191,1
2,4,1,45,51,32,-1
2,3,1,115,109,119,-1
2,3,1,103,107,123,1
2,3,1,160,156,28,-1
2,4,1,75,81,64,1
2,3,1,123,129,340,1
2,4,1,244,252,262,1
2,3,1,316,308,293,-1
2,3,1,300,306,122,1
2,3,1,323,315,220,-1
2,4,1,134,142,9,1
2,3,1,33,25,172,-1
2,4,1,86,90,36,1
2,3,1,192,196,209,1
2,3,1,341,337,178,-1
2,3,1,43,35,22,-1
2,4,1,269,273,204,1
2,4,1,7,3,351,-1
2,4,1,242,250,58,1
2,3,1,107,103,120,1
2,3,1,167,173,188,1
2,4,1,194,188,11,-1
2,3,1,59,67,49,-1
2,4,1,19,13,358,-1
2,3,1,82,78,351,-1
2,4,1,321,325,313,1
2,4,1,13,21,269,1
2,4,1,76,80,22,1
2,3,1,310,316,304,-1
2,3,1,112,118,130,1
2,4,1,45,39,207,-1
2,3,1,172,168,85,1
2,4,1,147,139,153,-1
2,4,1,336,330,318,-1
2,3,1,230,226,239,-1
2,3,1,328,320,225,-1
2,4,1,271,279,225,1
2,3,1,117,109,35,-1
2,3,1,54,60,200,-1
2,3,1,194,200,347,1
2,3,1,4,12,354,1
2,4,1,164,168,66,1
2,4,1,248,240,260,-1
2,4,1,289,293,280,1
3,4,1,247,251,266,1
3,3,1,57,65,203,1
3,4,1,206,198,61,-1
3,3,1,236,240,121,1
3,4,1,134,128,143,-1
3,4,1,219,211,137,-1
3,4,1,353,349,137,-1
3,3,1,325,329,238,1
3,3,1,336,342,327,1
3,3,1,135,127,141,-1
3,4,1,273,281,270,1
3,4,1,78,84,232,1
3,3,1,325,321,309,-1
3,4,1,138,142,159,1
3,3,1,330,324,45,-1
3,4,1,164,170,39,1
3,4,1,88,84,180,1
3,4,1,242,236,248,1
3,3,1,290,286,272,-1
3,4,1,28,36,21,1
3,3,1,344,338,80,-1
3,3,1,146,138,153,1
3,3,1,94,102,351,1
3,3,1,83,89,76,1
3,4,1,47,43,247,-1
3,4,1,149,155,173,1
3,4,1,27,19,0,-1
3,4,1,296,288,272,-1
3,3,1,42,46,35,-1
3,3,1,106,114,133,1
3,4,1,200,206,219,-1
3,3,1,33,41,276,1
3,3,1,182,190,204,1
3,3,1,47,55,255,1
3,3,1,140,144,237,1
3,4,1,337,343,331,-1
3,4,1,330,322,122,-1
3,3,1,196,200,71,1
3,4,1,241,237,252,-1
3,4,1,231,237,16,1
3,4,1,109,101,182,1
3,3,1,317,321,310,1
3,3,1,78,72,172,-1
3,4,1,12,18,200,-1
3,3,1,329,323,313,-1
3,3,1,332,326,307,-1
3,3,1,146,140,340,-1
3,4,1,145,141,160,1
3,4,1,114,110,270,-1
3,4,1,46,54,38,-1
3,3,1,242,234,334,-1
3,3,1,243,249,346,1
3,3,1,238,244,79,1
3,4,1,54,50,30,-1
3,4,1,211,219,2,1
3,4,1,350,344,81,-1
3,3,1,142,146,164,1
3,3,1,319,311,295,-1
3,3,1,238,234,335,-1
3,3,1,141,135,154,-1
3,4,1,41,45,338,-1
3,3,1,67,59,42,-1
3,3,1,187,183,42,-1
3,3,1,347,339,62,1
3,4,1,6,2,347,-1
3,4,1,344,350,332,1
3,4,1,341,347,334,1
3,4,1,188,192,3,1
3,4,1,165,173,187,1
3,3,1,174,178,196,1
3,4,1,43,51,321,-1
3,4,1,299,293,232,-1
3,4,1,196,204,221,1
3,3,1,190,184,199,-1
3,4,1,55,59,46,1
3,4,1,124,116,127,-1
3,4,1,295,289,79,-1
3,3,1,326,334,316,1
3,4,1,11,15,2,1
3,3,1,323,329,217,1
3,4,1,242,236,340,1
3,4,1,208,212,272,1
3,3,1,132,128,140,1
3,4,1,263,267,166,-1
3,3,1,153,159,177,1
3,3,1,132,138,152,1
3,4,1,204,212,150,1
3,3,1,184,180,199,-1
3,3,1,356,348,66,-1
3,3,1,286,292,12,-1
3,4,1,44,38,26,-1
3,3,1,138,134,330,-1
3,4,1,244,236,254,1
3,3,1,297,293,188,-1
3,4,1,90,98,315,1
3,3,1,198,190,55,-1
3,4,1,67,61,48,-1
3,3,1,37,45,26,-1
4,4,1,104,108,124,-1
4,4,1,45,51,338,1
4,4,1,277,269,179,-1
4,3,1,58,54,40,-1
4,3,1,306,300,75,1
4,4,1,150,154,173,1
4,4,1,51,47,331,-1
4,4,1,227,221,241,-1
4,3,1,33,29,13,-1
4,4,1,313,321,305,1
4,3,1,183,191,357,1
4,4,1,237,229,143,-1
4,3,1,195,199,350,-1
4,3,1,341,345,167,-1
4,4,1,196,192,36,-1
4,3,1,60,54,220,-1
4,3,1,226,218,236,-1
4,3,1,49,55,41,1
4,4,1,78,86,75,-1
4,3,1,31,39,225,1
4,4,1,228,222,237,-1
4,3,1,251,243,255,-1
4,3,1,77,83,71,1
4,4,1,276,282,139,-1
4,3,1,269,277,63,1
4,3,1,171,179,192,1
4,3,1,31,25,237,-1
4,3,1,143,151,163,1
4,4,1,234,240,257,1
4,3,1,311,315,174,1
4,3,1,100,108,194,1
4,4,1,6,2,111,-1
4,3,1,333,337,324,-1
4,3,1,127,121,239,-1
4,4,1,267,259,356,-1
4,4,1,243,249,268,1
4,4,1,75,67,55,-1
4,4,1,45,41,261,-1
4,3,1,8,12,274,1
4,4,1,225,221,233,-1
4,4,1,163,159,172,1
4,4,1,193,199,255,1
4,4,1,250,242,258,1
4,4,1,82,74,57,-1
4,3,1,90,84,66,-1
4,3,1,293,287,274,-1
4,3,1,76,80,61,1
4,4,1,203,209,314,1
4,4,1,297,289,63,-1
4,3,1,132,136,147,1
4,3,1,71,77,220,1
4,3,1,211,203,129,1
4,4,1,53,59,46,0
4,4,1,37,33,23,-1
4,3,1,215,211,25,1
4,4,1,356,352,337,-1
4,4,1,131,135,243,1
4,3,1,25,17,118,-1
4,3,1,97,91,106,-1
4,3,1,223,217,237,1
4,4,1,315,319,228,-1
4,3,1,54,50,166,-1
4,4,1,38,44,33,1
4,4,1,308,316,300,1
4,3,1,86,90,100,1
4,4,1,215,223,235,1
4,4,1,310,318,104,1
4,4,1,41,49,326,1
4,4,1,112,106,322,1
4,3,1,297,289,271,-1
4,3,1,117,123,226,1
4,4,1,301,309,293,-1
4,3,1,306,298,287,-1
4,4,1,196,204,216,1
4,4,1,23,17,151,-1
4,3,1,315,307,105,-1
4,4,1,202,194,213,-1
4,4,1,232,240,175,1
4,3,1,162,158,178,-1
4,4,1,80,84,204,1
4,3,1,141,137,341,1
4,3,1,174,166,294,-1
4,4,1,288,282,211,-1
4,3,1,222,228,243,1
4,3,1,185,181,44,-1
4,3,1,76,84,66,-1
4,4,1,350,358,249,1
4,4,1,322,316,300,-1
4,3,1,30,36,138,0
4,3,1,347,355,341,-1
4,4,1,46,40,24,1
4,3,1,203,209,223,-1
4,4,1,44,48,28,1
4,3,1,229,235,1,1
4,4,1,243,235,249,-1
4,4,1,256,260,326,-1
4,3,1,234,230,248,-1
4,4,1,295,289,24,1
4,4,1,58,62,42,1
5,3,1,77,71,301,-1
5,3,1,180,188,17,1
5,3,1,159,167,250,1
5,3,1,266,270,46,-1
5,3,1,15,11,352,-1
5,4,1,244,248,265,-1
5,4,1,239,233,250,-1
5,3,1,90,86,72,1
5,4,1,137,131,150,1
5,4,1,302,298,358,-1
5,4,1,241,247,18,-1
5,4,1,28,36,19,-1
5,4,1,36,28,155,-1
5,4,1,305,297,29,-1
5,4,1,334,342,324,-1
5,4,1,191,195,206,1
5,3,1,207,199,218,-1
5,3,1,36,40,302,1
5,3,1,221,215,144,-1
5,4,1,39,35,155,-1
5,4,1,225,231,295,1
5,3,1,296,302,291,-1
5,3,1,220,212,232,-1
5,3,1,324,330,312,1
5,3,1,61,55,148,-1
5,3,1,215,223,89,1
5,4,1,297,289,193,-1
5,3,1,43,37,25,-1
5,3,1,214,218,135,-1
5,4,1,3,9,161,1
5,3,1,212,206,92,-1
5,3,1,354,348,328,-1
5,4,1,51,43,33,-1
5,4,1,168,164,176,-1
5,3,1,214,218,298,-1
5,3,1,66,70,57,1
5,4,1,20,16,308,-1
5,4,1,99,105,119,1
5,4,1,12,4,345,-1
5,3,1,109,117,190,1
5,4,1,203,209,226,1
5,4,1,72,64,5,1
5,4,1,117,123,295,1
5,3,1,143,151,164,1
5,3,1,80,84,73,1
5,4,1,58,54,254,-1
5,4,1,166,162,181,-1
5,3,1,171,179,197,1
5,3,1,219,213,225,-1
5,4,1,97,105,115,1
5,3,1,38,34,269,-1
5,3,1,113,117,128,1
5,4,1,134,138,249,1
5,3,1,80,76,241,1
5,3,1,303,295,277,-1
5,4,1,153,161,174,1
5,3,1,225,231,63,-1
5,4,1,30,36,23,1
5,4,1,294,290,276,-1
5,4,1,355,351,333,-1
5,4,1,148,142,306,1
5,3,1,108,112,125,1
5,3,1,23,15,355,-1
5,3,1,129,135,293,1
5,4,1,189,193,91,-1
5,3,1,142,134,36,1
5,4,1,211,219,298,1
5,3,1,155,149,163,-1
5,4,1,125,119,232,1
5,4,1,342,348,334,1
5,3,1,49,41,249,-1
5,4,1,265,273,66,1
5,4,1,253,257,112,-1
5,4,1,320,314,211,-1
5,4,1,225,217,231,-1
5,4,1,56,50,36,-1
5,3,1,13,21,8,-1
5,4,1,124,118,202,1
5,3,1,119,125,136,1
5,3,1,44,52,36,1
5,3,1,120,116,132,-1
5,3,1,174,170,8,1
5,3,1,26,32,171,1
5,3,1,129,135,147,1
5,4,1,52,46,33,1
5,3,1,312,304,107,-1
5,3,1,347,353,213,-1
5,3,1,17,9,195,-1
5,4,1,208,216,160,1
5,3,1,254,250,98,-1
5,4,1,166,158,170,-1
5,4,1,74,78,62,1
5,4,1,140,144,338,1
5,4,1,48,52,40,1
5,4,1,290,298,49,1
5,3,1,170,166,179,-1
6,3,1,275,283,3,1
6,4,1,212,208,58,1
6,3,1,253,245,259,-1
6,3,1,295,291,275,-1
6,4,1,228,232,244,1
6,4,1,246,252,172,1
6,3,1,358,354,343,-1
6,3,1,46,54,147,1
6,4,1,266,258,157,-1
6,3,1,353,359,344,1
6,3,1,226,218,231,1
6,4,1,247,241,252,-1
6,3,1,100,94,258,-1
6,4,1,171,165,182,1
6,3,1,22,28,11,-1
6,4,1,82,90,71,-1
6,4,1,243,239,180,1
6,4,1,73,81,65,-1
6,4,1,141,147,46,1
6,3,1,228,222,119,1
6,4,1,214,206,281,1
6,4,1,232,236,249,1
6,3,1,269,273,114,1
6,3,1,352,356,138,-1
6,3,1,321,325,311,-1
6,3,1,78,86,353,1
6,4,1,247,253,267,1
6,3,1,260,254,115,1
6,4,1,160,156,207,1
6,3,1,138,146,161,1
6,4,1,113,119,284,1
6,3,1,207,211,125,-1
6,4,1,318,314,251,-1
6,3,1,21,25,12,-1
6,4,1,185,181,199,-1
6,3,1,82,76,61,-1
6,4,1,345,337,322,-1
6,3,1,291,285,7,-1
6,3,1,268,276,356,1
6,4,1,333,325,212,-1
6,3,1,103,111,124,1
6,3,1,83,77,59,-1
6,4,1,340,332,182,-1
6,4,1,32,24,10,-1
6,3,1,190,184,196,1
6,3,1,45,49,179,-1
6,4,1,196,202,53,1
6,4,1,238,234,246,1
6,3,1,246,240,252,1
6,4,1,131,137,153,1
6,4,1,234,238,137,1
6,4,1,293,297,51,-1
6,3,1,204,208,220,1
6,3,1,110,104,119,1
6,4,1,333,327,276,-1
6,3,1,276,268,140,1
6,4,1,297,305,187,1
6,3,1,21,13,3,-1
6,4,1,38,34,24,-1
6,4,1,69,75,60,-1
6,4,1,26,32,18,-1
6,3,1,147,151,164,1
6,3,1,117,111,129,1
6,3,1,255,251,351,1
6,3,1,45,51,188,-1
6,3,1,9,15,201,-1
6,3,1,314,306,218,-1
6,4,1,186,194,211,1
6,4,1,283,291,126,1
6,4,1,167,175,188,1
6,4,1,19,27,11,-1
6,4,1,55,51,37,-1
6,3,1,34,26,15,-1
6,4,1,26,20,99,-1
6,3,1,149,145,56,1
6,4,1,174,166,180,-1
6,3,1,127,133,147,-1
6,4,1,243,251,1,1
6,4,1,12,6,354,1
6,4,1,185,189,336,-1
6,4,1,291,285,161,-1
6,4,1,337,331,313,-1
6,4,1,312,320,113,-1
6,4,1,333,337,319,-1
6,3,1,224,230,32,-1
6,4,1,110,114,241,1
6,3,1,258,264,167,-1
6,3,1,34,30,309,1
6,4,1,108,100,116,-1
6,4,1,348,352,337,1
6,3,1,101,107,125,1
6,3,1,10,6,214,1
6,3,1,184,180,190,1
6,3,1,197,193,210,-1
6,3,1,72,64,298,-1
6,4,1,265,259,94,-1
6,3,1,279,287,275,1
6,3,1,76,84,64,1
6,3,1,179,171,260,-1
7,4,1,66,58,175,-1
7,3,1,173,165,185,-1
7,4,1,213,217,229,1
7,4,1,86,78,12,-1
7,3,1,74,82,163,1
7,4,1,288,296,281,-1
7,3,1,11,7,352,-1
7,4,1,196,190,205,1
7,3,1,275,283,82,-1
7,4,1,128,132,151,1
7,4,1,201,195,208,1
7,4,1,165,161,313,1
7,3,1,296,302,288,-1
7,3,1,36,32,14,0
7,3,1,169,173,1,1
7,3,1,279,283,129,-1
7,3,1,175,167,184,-1
7,3,1,59,65,50,1
7,3,1,51,45,241,-1
7,4,1,21,29,11,1
7,4,1,147,143,274,1
7,4,1,339,345,103,-1
7,4,1,238,244,0,1
7,3,1,309,303,148,-1
7,4,1,311,307,199,-1
7,3,1,248,242,26,-1
7,4,1,116,108,219,1
7,3,1,180,174,186,1
7,3,1,307,301,290,-1
7,4,1,150,142,253,1
7,4,1,282,288,130,1
7,4,1,33,25,5,-1
7,4,1,282,278,69,1
7,3,1,220,228,244,1
7,4,1,351,343,327,-1
7,3,1,235,243,320,1
7,3,1,334,328,309,-1
7,3,1,1,5,346,-1
7,4,1,106,102,119,1
7,3,1,113,121,337,1
7,4,1,102,108,127,1
7,3,1,289,293,278,-1
7,3,1,35,29,209,-1
7,3,1,119,127,139,1
7,4,1,96,102,220,1
7,3,1,174,178,356,1
7,4,1,218,214,232,1
7,3,1,162,166,5,1
7,4,1,128,134,152,1
7,3,1,4,10,221,-1
7,3,1,123,129,275,1
7,4,1,351,357,346,-1
7,4,1,151,155,339,1
7,3,1,248,242,260,1
7,4,1,42,38,28,-1
7,3,1,293,289,53,-1
7,4,1,228,232,311,1
7,4,1,160,154,94,1
7,4,1,225,219,28,1
7,3,1,166,170,184,1
7,3,1,38,30,13,-1
7,4,1,32,28,17,-1
7,3,1,207,211,223,1
7,4,1,311,317,306,-1
7,4,1,57,65,49,-1
7,4,1,347,355,223,-1
7,3,1,191,185,204,1
7,4,1,241,249,266,1
7,4,1,242,250,264,1
7,3,1,358,350,334,-1
7,4,1,80,88,319,1
7,3,1,26,22,189,-1
7,3,1,138,130,311,-1
7,3,1,81,73,319,-1
7,3,1,38,34,182,1
7,4,1,308,312,193,1
7,3,1,302,310,299,-1
7,3,1,104,100,111,-1
7,3,1,326,332,144,-1
7,3,1,229,235,30,1
7,3,1,137,133,146,1
7,4,1,45,39,337,-1
7,4,1,276,284,144,1
7,4,1,282,286,274,-1
7,4,1,301,295,282,-1
7,3,1,105,111,130,1
7,3,1,296,304,293,1
7,3,1,190,196,214,1
7,4,1,9,13,217,-1
7,3,1,51,47,201,-1
7,3,1,190,182,54,-1
7,4,1,124,116,131,1
7,4,1,266,258,269,-1
7,4,1,189,183,195,1
7,3,1,176,168,322,-1
7,4,1,40,34,23,-1
7,4,1,169,163,232,1
7,4,1,133,141,256,1
7,4,1,4,8,355,-1
8,4,1,165,169,181,1
8,3,1,349,357,271,-1
8,4,1,87,79,4,-1
8,4,1,141,137,286,1
8,4,1,233,227,239,1
8,4,1,200,206,70,1
8,3,1,306,302,286,-1
8,3,1,297,303,289,-1
8,4,1,225,221,53,1
8,4,1,112,106,120,-1
8,3,1,51,57,47,-1
8,3,1,85,79,4,-1
8,3,1,274,282,58,1
8,4,1,205,211,147,1
8,4,1,243,247,259,1
8,3,1,72,66,252,-1
8,3,1,244,248,126,1
8,4,1,79,87,70,-1
8,3,1,27,31,294,1
8,3,1,175,167,186,1
8,4,1,333,341,323,-1
8,4,1,23,15,237,1
8,3,1,140,132,151,1
8,3,1,29,25,9,-1
8,3,1,69,63,170,-1
8,4,1,136,142,153,1
8,4,1,12,8,275,-1
8,3,1,228,222,132,1
8,4,1,122,128,148,1
8,4,1,205,211,69,1
8,3,1,165,173,356,1
8,4,1,343,349,185,1
8,3,1,325,319,301,-1
8,3,1,34,38,20,1
8,4,1,202,194,268,1
8,3,1,97,105,125,1
8,3,1,17,11,351,-1
8,3,1,201,205,335,1
8,3,1,49,57,169,-1
8,3,1,65,69,53,1
8,3,1,185,193,209,1
8,4,1,312,304,288,-1
8,4,1,86,78,62,-1
8,3,1,147,151,5,1
8,4,1,260,256,268,1
8,4,1,28,24,201,-1
8,4,1,36,28,171,-1
8,4,1,248,244,258,1
8,3,1,307,299,29,-1
8,3,1,134,130,10,1
8,4,1,106,114,126,1
8,4,1,11,15,289,-1
8,3,1,13,5,128,-1
8,3,1,344,336,317,-1
8,4,1,194,202,296,1
8,3,1,99,103,115,1
8,4,1,351,347,335,-1
8,4,1,120,114,212,-1
8,4,1,186,194,212,1
8,4,1,196,190,330,1
8,4,1,59,63,283,-1
8,4,1,54,50,37,-1
8,3,1,6,12,291,-1
8,3,1,197,203,7,1
8,3,1,111,105,117,1
8,3,1,70,62,51,-1
8,4,1,323,329,310,-1
8,3,1,165,169,185,1
8,3,1,146,140,151,1
8,3,1,262,258,149,1
8,4,1,69,75,61,-1
8,4,1,5,13,262,-1
8,3,1,247,243,343,1
8,3,1,183,189,56,1
8,4,1,324,328,219,-1
8,4,1,119,111,126,1
8,4,1,48,42,23,-1
8,3,1,199,195,206,1
8,3,1,15,23,4,-1
8,3,1,218,224,244,1
8,4,1,206,200,287,1
8,4,1,348,352,148,-1
8,3,1,205,197,30,1
8,4,1,153,147,159,-1
8,3,1,76,82,170,-1
8,3,1,51,59,41,1
8,4,1,251,243,255,-1
8,3,1,221,217,144,-1
8,3,1,235,241,253,-1
8,4,1,89,83,72,-1
8,4,1,85,89,69,1
8,3,1,155,151,166,-1
8,4,1,69,63,323,-1
8,4,1,11,19,114,1
8,3,1,296,288,95,-1
8,4,1,82,90,30,-1
8,4,1,3,7,349,-1
1,3,1,19,27,44,1
1,3,1,239,233,220,-1
1,4,1,274,270,290,-1
1,4,1,7,3,22,-1
1,3,1,147,151,139,1
1,4,1,7,13,29,1
1,3,1,248,242,225,-1
1,4,1,249,241,229,-1
1,3,1,339,347,6,1
1,3,1,154,158,147,-1
1,4,1,344,350,8,1
1,3,1,36,30,42,1
1,4,1,169,161,146,-1
1,4,1,221,229,217,-1
1,3,1,132,138,126,1
1,4,1,18,12,31,-1
1,3,1,198,194,175,-1
1,3,1,302,294,310,-1
1,3,1,146,142,132,1
1,4,1,28,22,41,-1
1,4,1,304,308,318,-1
1,3,1,293,285,301,-1
1,4,1,239,247,227,-1
1,3,1,127,133,114,1
1,4,1,339,343,357,1
1,4,1,170,164,147,-1
1,3,1,149,157,140,1
1,4,1,243,247,229,-1
1,3,1,334,340,0,1
1,4,1,123,117,106,1
1,3,1,38,34,48,-1
1,4,1,10,2,18,-1
1,3,1,107,115,96,1
1,3,1,56,52,71,-1
1,4,1,343,335,349,-1
1,3,1,58,64,80,1
1,4,1,160,164,152,-1
1,4,1,266,274,292,1
1,4,1,244,240,226,-1
1,3,1,164,156,144,-1
1,4,1,160,166,149,1
1,3,1,63,67,82,1
1,3,1,35,39,52,1
1,3,1,11,5,20,1
1,4,1,290,298,315,1
1,4,1,273,269,251,-1
1,3,1,206,198,182,-1
1,4,1,214,220,207,-1
1,3,1,72,66,79,1
2,3,1,160,154,136,-1
2,3,1,164,158,147,-1
2,3,1,138,142,131,1
2,3,1,215,223,207,1
2,4,1,44,40,56,-1
2,4,1,222,214,201,-1
2,3,1,235,239,229,1
2,3,1,350,358,18,1
2,3,1,4,12,30,1
2,4,1,234,226,207,-1
2,4,1,33,39,55,1
2,4,1,44,50,62,-1
2,4,1,29,21,37,1
2,4,1,43,39,55,1
2,3,1,113,109,98,-1
2,4,1,34,38,49,1
2,4,1,31,25,36,1
2,4,1,250,258,248,1
2,4,1,345,339,354,1
2,3,1,80,72,82,-1
2,4,1,213,221,204,1
2,3,1,117,123,111,1
2,4,1,58,62,79,1
2,3,1,260,266,248,1
2,3,1,352,344,355,-1
2,3,1,264,260,247,-1
2,4,1,191,195,181,-1
2,3,1,357,353,10,-1
2,4,1,313,305,323,-1
2,4,1,202,196,182,-1
2,3,1,200,208,195,1
2,4,1,238,232,218,-1
2,3,1,293,289,307,-1
2,3,1,340,346,358,-1
2,4,1,218,222,203,-1
2,4,1,326,318,332,-1
2,3,1,338,344,2,1
2,3,1,191,199,182,-1
2,4,1,165,171,160,1
2,3,1,170,162,149,-1
2,3,1,309,303,319,-1
2,3,1,310,304,316,-1
2,3,1,282,286,299,-1
2,4,1,136,132,117,1
2,4,1,244,250,230,1
2,3,1,201,193,177,-1
2,4,1,306,314,325,1
2,4,1,115,111,92,-1
2,3,1,346,350,8,1
2,4,1,327,335,346,1
3,4,1,325,321,336,-1
3,3,1,227,231,214,-1
3,3,1,4,12,31,1
3,3,1,207,201,182,-1
3,4,1,17,23,35,0
3,3,1,178,172,157,-1
3,4,1,10,6,26,1
3,4,1,349,355,13,-1
3,3,1,142,146,129,-1
3,4,1,242,248,236,1
3,3,1,276,284,300,1
3,4,1,134,126,115,-1
3,4,1,151,143,127,-1
3,3,1,269,265,251,1
3,4,1,275,279,295,-1
3,4,1,337,331,343,-1
3,3,1,41,33,51,-1
3,3,1,34,26,40,-1
3,3,1,204,210,200,1
3,3,1,118,114,104,-1
3,4,1,8,2,19,-1
3,4,1,157,165,152,1
3,4,1,161,169,156,1
3,3,1,199,205,188,1
3,4,1,57,61,80,1
3,4,1,46,38,54,-1
3,3,1,293,299,312,1
3,4,1,220,214,203,-1
3,4,1,213,217,205,1
3,3,1,130,138,124,1
3,3,1,45,51,65,1
3,4,1,229,233,217,-1
3,4,1,303,295,305,-1
3,3,1,359,355,6,-1
3,4,1,178,172,157,1
3,3,1,345,341,357,-1
3,3,1,162,170,156,1
3,3,1,61,55,74,-1
3,4,1,154,150,137,-1
3,4,1,308,316,335,1
3,3,1,254,246,235,-1
3,3,1,72,76,87,1
3,4,1,226,232,214,1
3,4,1,159,165,150,1
3,4,1,7,15,35,1
3,3,1,297,301,312,-1
3,3,1,42,36,52,-1
3,3,1,112,104,91,-1
3,4,1,137,133,117,-1
4,4,1,26,32,50,1
4,3,1,345,353,12,1
4,4,1,175,167,152,-1
4,3,1,197,191,176,1
4,4,1,313,305,321,1
4,3,1,136,140,123,1
4,4,1,295,291,306,-1
4,3,1,205,199,180,1
4,3,1,210,214,203,1
4,4,1,30,26,46,1
4,4,1,197,189,170,-1
4,3,1,54,62,78,-1
4,4,1,1,7,21,1
4,3,1,77,71,83,1
4,3,1,160,156,136,-1
4,3,1,356,348,359,-1
4,3,1,256,252,237,-1
4,4,1,40,44,61,1
4,3,1,292,284,302,-1
4,4,1,288,292,308,-1
4,3,1,229,235,222,0
4,4,1,311,305,322,-1
4,4,1,250,258,242,1
4,4,1,184,192,177,1
4,3,1,237,243,227,1
4,4,1,34,28,46,-1
4,3,1,306,302,320,1
4,3,1,26,32,43,-1
4,4,1,263,257,246,-1
4,4,1,167,171,154,1
4,3,1,281,277,292,-1
4,4,1,171,165,154,-1
4,4,1,114,118,102,1
4,4,1,308,300,316,1
4,3,1,149,157,145,1
4,3,1,150,158,141,1
4,4,1,301,293,309,-1
4,3,1,292,298,309,1
4,3,1,209,201,189,-1
4,3,1,339,333,351,-1
4,4,1,116,112,95,0
4,4,1,347,355,15,-1
4,4,1,126,122,106,1
4,3,1,17,21,33,-1
4,3,1,28,22,35,-1
4,3,1,226,218,203,1
4,4,1,266,274,290,1
4,3,1,335,339,354,1
4,4,1,169,175,159,1
4,4,1,152,158,145,-1
5,4,1,60,56,72,-1
5,3,1,217,221,204,1
5,3,1,247,251,236,-1
5,4,1,19,15,30,-1
5,4,1,27,33,43,1
5,3,1,321,329,342,-1
5,3,1,125,119,104,1
5,4,1,126,118,103,1
5,4,1,325,331,342,1
5,3,1,257,251,237,-1
5,4,1,132,124,108,1
5,3,1,19,27,41,1
5,3,1,51,43,56,-1
5,3,1,158,164,145,1
5,4,1,27,31,51,1
5,3,1,193,189,178,-1
5,4,1,134,142,131,1
5,4,1,226,234,221,-1
5,3,1,38,30,49,-1
5,3,1,163,159,148,-1
5,4,1,278,282,300,1
5,3,1,199,205,190,1
5,4,1,332,326,342,-1
5,4,1,42,36,46,-1
5,3,1,219,225,213,-1
5,4,1,340,332,349,-1
5,4,1,225,229,212,-1
5,3,1,146,154,140,1
5,3,1,51,57,70,1
5,3,1,316,322,335,1
5,4,1,163,167,149,1
5,4,1,308,300,315,-1
5,3,1,12,8,26,1
5,4,1,110,104,94,-1
5,3,1,137,145,128,1
5,3,1,328,324,338,-1
5,4,1,252,246,230,-1
5,4,1,244,250,233,1
5,3,1,337,331,349,-1
5,3,1,227,219,201,-1
5,3,1,44,36,52,1
5,4,1,201,197,185,-1
5,4,1,261,257,241,-1
5,4,1,264,272,282,1
5,3,1,75,69,85,-1
5,3,1,159,151,135,1
5,4,1,205,211,198,-1
5,3,1,311,315,328,1
5,3,1,62,66,77,1
5,4,1,270,278,294,1
6,4,1,332,328,341,-1
6,4,1,54,60,73,1
6,3,1,166,160,147,-1
6,4,1,156,148,133,1
6,3,1,216,220,200,-1
6,3,1,203,207,188,-1
6,3,1,121,115,100,-1
6,3,1,350,358,10,-1
6,3,1,341,349,5,1
6,4,1,246,238,222,-1
6,4,1,41,37,48,-1
6,4,1,73,65,81,-1
6,4,1,344,350,1,1
6,3,1,133,129,112,1
6,4,1,47,41,56,-1
6,4,1,279,273,289,1
6,3,1,19,11,30,-1
6,4,1,185,193,176,1
6,4,1,202,210,190,1
6,4,1,42,46,60,1
6,4,1,290,294,311,1
6,3,1,144,140,130,-1
6,3,1,297,289,303,-1
6,3,1,190,196,184,1
6,3,1,246,252,240,1
6,4,1,299,291,310,-1
6,3,1,134,142,132,1
6,3,1,333,339,354,-1
6,4,1,161,155,140,1
6,3,1,21,17,32,-1
6,4,1,217,211,200,1
6,3,1,258,266,256,1
6,3,1,308,314,329,1
6,4,1,109,113,100,1
6,4,1,249,253,239,1
6,4,1,19,11,27,-1
6,3,1,291,287,300,-1
6,4,1,156,162,148,1
6,4,1,207,203,184,1
6,4,1,135,131,112,-1
6,4,1,252,258,241,1
6,4,1,108,116,100,-1
6,3,1,350,354,11,1
6,3,1,261,253,238,1
6,4,1,345,353,11,1
6,3,1,66,70,83,1
6,3,1,234,226,212,1
6,3,1,280,274,288,1
6,3,1,28,22,38,1
6,4,1,8,16,35,1
7,3,1,215,209,192,-1
7,4,1,274,266,252,-1
7,3,1,192,196,185,1
7,3,1,15,23,38,-1
7,3,1,171,165,150,-1
7,3,1,345,353,11,-1
7,4,1,56,62,80,-1
7,3,1,187,191,177,1
7,4,1,277,273,291,-1
7,4,1,264,256,241,-1
7,4,1,278,274,287,-1
7,4,1,14,20,36,-1
7,3,1,180,186,174,1
7,3,1,220,226,210,1
7,4,1,162,170,152,1
7,4,1,355,359,17,-1
7,4,1,27,31,41,-1
7,3,1,267,263,244,-1
7,3,1,144,140,127,1
7,4,1,106,114,94,1
7,3,1,82,74,86,-1
7,3,1,77,69,87,-1
7,4,1,53,47,58,-1
7,4,1,335,329,344,-1
7,3,1,323,329,344,-1
7,4,1,245,249,235,-1
7,4,1,276,270,259,-1
7,3,1,125,133,114,1
7,3,1,54,50,64,-1
7,3,1,261,269,254,1
7,4,1,57,49,65,-1
7,3,1,45,41,60,-1
7,4,1,170,164,152,1
7,4,1,295,287,299,-1
7,4,1,120,124,113,1
7,3,1,30,36,50,-1
7,3,1,72,66,79,-1
7,4,1,52,60,72,1
7,3,1,218,210,191,-1
7,3,1,192,184,164,-1
7,4,1,124,120,107,1
7,4,1,24,32,43,1
7,4,1,163,169,156,1
7,4,1,202,198,183,1
7,4,1,189,195,183,1
7,3,1,298,302,316,-1
7,3,1,80,74,90,-1
7,3,1,337,341,358,1
8,4,1,230,222,205,1
8,3,1,215,219,204,1
8,4,1,323,319,332,1
8,4,1,244,236,217,-1
8,4,1,233,239,227,1
8,3,1,246,250,236,1
8,4,1,52,58,69,-1
8,3,1,290,298,311,-1
8,3,1,257,251,240,-1
8,4,1,338,334,345,-1
8,3,1,274,268,255,1
8,4,1,279,285,297,1
8,3,1,275,283,302,1
8,3,1,204,210,196,1
8,4,1,327,331,346,-1
8,3,1,327,319,336,-1
8,4,1,64,58,75,-1
8,4,1,167,175,157,1
8,4,1,27,21,32,-1
8,3,1,166,162,150,-1
8,3,1,139,135,117,-1
8,3,1,307,299,312,-1
8,4,1,167,175,162,-1
8,4,1,46,50,63,-1
8,3,1,262,268,253,1
8,4,1,246,250,235,1
8,3,1,97,105,90,-1
8,4,1,154,158,142,1
8,4,1,334,326,341,-1
8,4,1,320,312,329,1
8,4,1,250,244,225,1
8,4,1,172,166,149,1
8,3,1,306,302,315,-1
8,3,1,111,117,105,1
8,3,1,20,26,39,-1
8,3,1,220,228,214,1
8,3,1,324,320,332,-1
8,3,1,60,66,86,-1
8,3,1,73,67,82,1
8,4,1,117,123,106,-1
8,4,1,153,159,147,-1
8,4,1,334,342,0,-1
8,3,1,344,348,3,1
8,4,1,121,117,103,-1
8,3,1,118,110,97,-1
8,4,1,152,148,128,-1
8,3,1,52,46,65,-1
8,3,1,193,185,173,1
8,3,1,335,339,352,1
8,4,1,272,280,297,1
1,3,3,49,43,325,-1
1,4,3,141,135,147,1
1,3,3,148,152,339,1
1,4,3,222,226,242,1
1,4,3,217,221,231,1
1,4,3,57,65,53,1
1,3,3,113,121,228,1
1,3,3,125,119,335,1
1,4,3,187,183,113,-1
1,4,3,337,329,270,-1
1,3,3,303,309,292,-1
1,3,3,22,18,359,-1
1,3,3,75,81,69,1
1,4,3,55,47,284,-1
1,3,3,354,350,340,-1
1,4,3,70,78,67,1
1,4,3,189,195,70,1
1,3,3,207,211,313,-1
1,4,3,188,184,237,-1
1,3,3,104,96,112,1
1,4,3,335,341,139,1
1,4,3,136,130,147,1
1,3,3,222,230,14,-1
1,3,3,126,118,135,1
1,3,3,207,215,104,1
1,3,3,344,348,330,-1
1,4,3,43,35,24,-1
1,4,3,149,155,169,1
1,3,3,271,265,125,-1
1,3,3,339,333,314,-1
1,4,3,296,288,274,-1
1,3,3,110,118,134,1
1,4,3,208,200,299,-1
1,4,3,256,252,168,-1
1,3,3,65,69,229,-1
1,3,3,36,30,18,-1
1,3,3,63,67,54,-1
1,3,3,328,322,136,-1
1,4,3,188,184,198,-1
1,3,3,205,213,232,1
1,4,3,14,6,303,-1
1,4,3,248,244,257,-1
1,4,3,6,2,151,-1
1,3,3,268,276,85,1
1,4,3,286,292,280,-1
1,3,3,90,94,349,1
1,4,3,208,214,3,-1
1,4,3,142,148,333,1
1,4,3,154,160,175,1
1,3,3,351,343,326,-1
1,4,3,33,37,124,-1
1,3,3,57,49,35,-1
1,3,3,338,334,179,-1
1,4,3,256,260,15,-1
1,4,3,122,116,245,1
1,4,3,338,334,319,-1
1,3,3,232,226,245,-1
1,3,3,121,113,349,1
1,4,3,334,340,326,-1
1,3,3,103,97,107,1
1,4,3,315,321,301,-1
1,3,3,133,125,357,1
1,3,3,128,124,310,-1
1,3,3,2,8,251,-1
1,3,3,302,308,152,-1
1,3,3,94,98,114,1
1,4,3,121,129,146,1
1,4,3,356,350,224,-1
1,3,3,211,215,235,-1
1,4,3,216,224,239,1
1,4,3,312,308,294,-1
1,4,3,77,85,349,1
1,4,3,146,154,205,1
1,4,3,16,20,181,1
1,3,3,162,168,187,1
1,3,3,144,140,213,1
1,4,3,300,304,291,-1
1,4,3,96,90,72,-1
1,3,3,190,182,42,-1
1,4,3,208,200,218,-1
1,3,3,11,17,5,-1
1,3,3,162,168,14,1
1,4,3,231,239,127,-1
1,3,3,82,90,76,1
1,4,3,309,303,90,-1
1,4,3,86,80,62,-1
1,4,3,6,10,351,-1
1,3,3,237,243,257,-1
1,4,3,254,246,256,-1
1,3,3,235,231,250,-1
1,3,3,213,209,220,-1
1,3,3,278,274,151,-1
1,3,3,269,261,52,-1
1,4,3,83,77,137,1
1,3,3,281,289,273,-1
1,4,3,21,29,295,-1
1,3,3,159,165,89,-1
1,4,3,215,219,336,-1
2,3,3,151,145,231,-1
2,4,3,299,291,133,-1
2,4,3,106,110,129,1
2,4,3,15,23,4,1
2,4,3,58,54,172,-1
2,4,3,186,192,140,1
2,3,3,226,220,114,1
2,4,3,300,308,297,1
2,4,3,144,138,154,-1
2,3,3,77,83,64,1
2,3,3,297,305,198,-1
2,3,3,220,212,230,-1
2,3,3,265,269,41,1
2,3,3,327,335,224,1
2,4,3,278,284,101,1
2,3,3,55,51,35,-1
2,3,3,308,312,178,-1
2,4,3,129,121,346,-1
2,3,3,137,129,143,-1
2,4,3,187,183,271,-1
2,3,3,61,57,38,-1
2,3,3,13,19,6,1
2,4,3,220,214,228,1
2,4,3,148,152,165,1
2,3,3,214,222,237,1
2,3,3,40,44,25,1
2,3,3,47,41,27,-1
2,4,3,129,125,141,-1
2,3,3,301,305,41,1
2,4,3,335,341,65,-1
2,3,3,319,313,302,-1
2,4,3,109,115,128,1
2,4,3,347,339,324,-1
2,3,3,158,166,74,1
2,3,3,229,237,253,1
2,4,3,228,234,248,1
2,4,3,297,289,271,-1
2,4,3,150,142,59,-1
2,3,3,179,173,342,-1
2,4,3,154,150,167,1
2,4,3,326,322,184,-1
2,3,3,288,282,90,-1
2,4,3,359,351,219,-1
2,3,3,14,18,215,-1
2,4,3,286,292,129,1
2,3,3,100,108,203,-1
2,3,3,3,7,351,1
2,4,3,222,218,49,-1
2,4,3,241,249,117,1
2,3,3,313,319,55,1
2,4,3,313,309,291,-1
2,4,3,187,195,210,1
2,4,3,271,265,348,-1
2,3,3,129,133,147,1
2,4,3,205,209,90,1
2,3,3,8,0,340,-1
2,3,3,184,188,202,-1
2,3,3,12,8,192,-1
2,4,3,47,53,37,-1
2,3,3,132,124,42,-1
2,4,3,17,21,208,-1
2,4,3,89,83,229,-1
2,3,3,229,221,10,-1
2,3,3,315,321,158,1
2,4,3,333,329,318,-1
2,4,3,116,124,142,1
2,3,3,350,346,202,-1
2,4,3,273,281,225,1
2,3,3,47,39,28,-1
2,3,3,118,112,124,-1
2,4,3,317,323,312,1
2,3,3,180,174,191,1
2,4,3,241,249,117,1
2,3,3,313,319,55,1
2,4,3,313,309,291,-1
2,4,3,187,195,210,1
2,4,3,271,265,348,-1
2,3,3,129,133,147,1
2,4,3,205,209,90,1
2,3,3,8,0,340,-1
2,3,3,184,188,202,1
2,3,3,12,8,192,-1
2,4,3,47,53,37,-1
2,3,3,132,124,42,-1
2,4,3,17,21,208,-1
2,4,3,89,83,229,-1
2,3,3,229,221,10,1
2,3,3,315,321,158,1
2,4,3,333,329,318,-1
2,4,3,116,124,142,1
2,3,3,350,346,202,1
2,4,3,273,281,225,1
2,3,3,47,39,28,-1
2,3,3,118,112,124,-1
2,4,3,317,323,312,1
2,3,3,180,174,191,-1
3,3,3,91,99,13,1
3,4,3,169,163,181,-1
3,4,3,14,22,12,1
3,3,3,166,158,169,-1
3,4,3,326,334,318,-1
3,4,3,238,242,256,1
3,4,3,218,214,140,1
3,3,3,48,44,26,-1
3,4,3,201,197,99,1
3,4,3,146,150,163,1
3,3,3,78,84,68,1
3,3,3,148,140,160,1
3,4,3,27,19,183,-1
3,3,3,340,346,327,1
3,3,3,194,198,348,1
3,3,3,353,349,338,1
3,3,3,312,320,86,1
3,3,3,148,142,248,-1
3,3,3,85,89,325,1
3,4,3,186,180,195,-1
3,4,3,264,270,38,1
3,3,3,33,27,188,-1
3,4,3,288,294,240,1
3,4,3,126,118,329,-1
3,4,3,180,176,191,-1
3,4,3,200,196,214,-1
3,3,3,37,31,12,1
3,4,3,291,297,148,-1
3,4,3,210,202,218,1
3,3,3,94,102,116,1
3,3,3,179,173,67,-1
3,4,3,194,200,210,1
3,4,3,197,193,14,-1
3,3,3,20,24,255,1
3,4,3,320,312,159,-1
3,3,3,113,117,273,1
3,3,3,63,71,150,1
3,4,3,37,29,18,-1
3,4,3,127,133,327,1
3,4,3,17,9,353,-1
3,4,3,71,77,65,-1
3,3,3,142,150,31,1
3,3,3,168,176,193,1
3,3,3,291,285,273,-1
3,3,3,31,35,21,-1
3,4,3,101,107,125,1
3,4,3,64,60,216,-1
3,3,3,345,339,243,1
3,3,3,312,316,302,1
3,4,3,87,79,242,-1
3,3,3,182,176,188,1
3,3,3,122,128,316,1
3,3,3,289,285,173,-1
3,3,3,127,121,134,-1
3,4,3,17,13,354,-1
3,4,3,40,46,30,1
3,3,3,235,229,248,-1
3,4,3,227,231,111,-1
3,3,3,198,202,215,1
3,4,3,122,116,304,-1
3,4,3,191,199,217,1
3,4,3,317,313,297,-1
3,4,3,285,293,141,1
3,3,3,45,37,18,-1
3,3,3,327,319,309,-1
3,3,3,229,233,248,1
3,3,3,147,139,232,1
3,4,3,217,225,280,1
3,4,3,46,40,297,-1
3,3,3,161,153,78,-1
3,4,3,202,210,225,1
3,4,3,345,351,335,1
3,4,3,59,63,184,1
3,3,3,314,310,32,-1
3,3,3,196,202,14,-1
3,4,3,171,163,179,-1
3,3,3,201,207,219,-1
3,4,3,28,32,18,1
3,4,3,20,14,4,-1
3,4,3,228,220,230,1
3,4,3,86,80,65,-1
3,3,3,45,53,34,1
3,3,3,341,347,112,1
3,3,3,101,93,307,-1
3,3,3,212,208,83,-1
3,4,3,111,115,218,1
3,4,3,329,323,212,-1
3,4,3,330,334,317,1
3,4,3,157,151,307,-1
3,3,3,103,99,114,-1
3,4,3,21,29,242,-1
3,3,3,114,120,3,1
3,3,3,193,199,212,1
3,4,3,28,32,152,-1
3,3,3,62,58,277,-1
3,3,3,283,275,351,-1
3,3,3,17,25,12,1
3,4,3,230,238,332,1
3,3,3,120,116,132,-1
4,4,3,206,202,43,-1
4,4,3,25,33,21,-1
4,3,3,172,166,329,1
4,3,3,74,70,56,-1
4,4,3,105,109,124,0
4,4,3,107,113,253,1
4,3,3,58,62,224,-1
4,3,3,345,339,213,-1
4,4,3,94,90,173,-1
4,3,3,24,30,13,-1
4,4,3,127,131,151,1
4,3,3,353,349,331,-1
4,3,3,221,213,232,-1
4,4,3,289,295,71,1
4,4,3,345,337,249,1
4,4,3,298,306,287,1
4,4,3,113,107,119,1
4,4,3,345,337,65,-1
4,3,3,221,229,143,1
4,3,3,213,221,58,1
4,3,3,76,80,260,1
4,3,3,285,291,277,0
4,4,3,106,100,119,-1
4,3,3,147,139,153,-1
4,3,3,151,155,271,1
4,4,3,129,125,142,1
4,4,3,9,15,247,-1
4,3,3,82,90,330,1
4,3,3,131,139,152,1
4,3,3,77,85,329,1
4,4,3,9,1,345,-1
4,3,3,71,65,55,-1
4,4,3,96,92,105,-1
4,4,3,101,107,350,1
4,3,3,340,334,322,-1
4,3,3,244,252,265,1
4,3,3,251,245,38,-1
4,3,3,150,154,319,-1
4,4,3,71,67,157,1
4,3,3,11,15,3,-1
4,4,3,175,167,296,1
4,4,3,230,236,247,1
4,4,3,186,192,210,1
4,4,3,301,293,130,-1
4,4,3,357,349,339,-1
4,3,3,278,272,55,-1
4,4,3,232,228,308,1
4,3,3,42,46,34,-1
4,4,3,234,242,17,1
4,4,3,44,38,201,-1
4,4,3,79,87,266,1
4,4,3,124,128,0,1
4,3,3,165,169,184,1
4,3,3,60,52,208,-1
4,3,3,226,230,243,1
4,4,3,297,291,44,-1
4,3,3,342,334,322,-1
4,4,3,50,46,33,-1
4,3,3,11,3,347,-1
4,3,3,46,52,207,-1
4,3,3,138,132,144,-1
4,3,3,109,103,119,-1
4,4,3,339,343,123,-1
4,3,3,96,92,186,0
4,4,3,283,289,270,1
4,3,3,234,226,242,1
4,4,3,8,14,3,-1
4,4,3,182,190,209,1
4,3,3,80,72,332,-1
4,3,3,282,288,203,1
4,3,3,136,132,284,1
4,4,3,222,230,247,-1
4,4,3,27,23,12,-1
4,3,3,306,314,295,1
4,3,3,202,198,212,-1
4,4,3,56,50,311,-1
4,4,3,217,221,76,1
4,3,3,142,134,239,-1
4,4,3,198,202,306,1
4,4,3,223,215,228,1
4,4,3,36,40,23,0
4,3,3,307,303,179,1
4,3,3,193,189,201,1
4,4,3,237,245,179,1
4,3,3,134,140,153,1
4,3,3,302,298,47,1
4,4,3,203,195,207,-1
4,3,3,327,319,159,1
4,4,3,176,170,51,-1
4,4,3,52,46,31,-1
4,4,3,90,84,72,-1
4,3,3,133,139,156,1
4,4,3,245,253,29,1
4,3,3,303,311,298,1
4,4,3,85,89,71,1
4,3,3,123,129,57,1
4,3,3,272,278,152,-1
5,3,3,179,171,190,-1
5,4,3,161,155,174,-1
5,4,3,184,188,198,-1
5,4,3,84,76,185,-1
5,4,3,200,192,281,1
5,4,3,206,202,95,-1
5,3,3,228,222,40,-1
5,3,3,197,201,31,1
5,3,3,176,170,255,1
5,4,3,306,314,303,1
5,4,3,141,147,292,-1
5,3,3,81,87,72,1
5,4,3,9,5,234,-1
5,4,3,27,35,18,-1
5,4,3,103,107,121,1
5,3,3,323,329,310,-1
5,3,3,120,112,130,-1
5,3,3,156,164,336,1
5,3,3,310,306,289,-1
5,4,3,101,107,239,1
5,3,3,232,240,337,1
5,4,3,124,118,137,1
5,3,3,311,307,297,1
5,3,3,309,313,68,1
5,3,3,273,281,204,-1
5,3,3,338,332,203,-1
5,3,3,6,10,113,1
5,4,3,55,51,255,-1
5,4,3,226,222,236,-1
5,4,3,24,16,5,-1
5,4,3,20,26,244,-1
5,3,3,78,72,258,-1
5,4,3,8,0,350,-1
5,4,3,1,7,280,1
5,4,3,167,173,191,1
5,3,3,59,53,43,-1
5,4,3,211,217,227,1
5,3,3,68,72,53,-1
5,3,3,347,355,174,1
5,4,3,131,123,5,1
5,3,3,226,234,246,1
5,3,3,117,121,0,1
5,4,3,220,216,152,-1
5,4,3,134,130,149,1
5,3,3,85,89,69,1
5,3,3,118,126,140,1
5,4,3,234,226,72,-1
5,3,3,319,327,311,-1
5,3,3,318,312,292,-1
5,4,3,5,11,358,1
5,3,3,243,239,115,-1
5,3,3,39,35,290,-1
5,4,3,289,297,139,-1
5,3,3,250,242,61,-1
5,4,3,187,195,210,1
5,4,3,45,53,329,-1
5,4,3,55,59,347,-1
5,4,3,327,323,308,-1
5,3,3,202,196,216,1
5,3,3,313,319,82,1
5,4,3,85,89,194,-1
5,4,3,211,205,49,-1
5,3,3,324,316,184,-1
5,4,3,279,273,104,-1
5,4,3,213,221,232,1
5,3,3,171,165,185,1
5,3,3,220,224,243,1
5,3,3,217,221,237,1
5,3,3,308,300,284,-1
5,3,3,279,285,48,-1
5,4,3,15,21,5,-1
5,4,3,348,344,333,-1
5,3,3,72,64,49,-1
5,4,3,148,140,154,-1
5,3,3,181,187,202,1
5,3,3,261,257,159,-1
5,4,3,343,347,111,-1
5,4,3,142,136,230,1
5,3,3,342,350,338,-1
5,3,3,345,351,168,1
5,4,3,144,148,13,-1
5,4,3,221,213,230,-1
5,3,3,266,258,349,-1
5,3,3,323,315,44,-1
5,3,3,214,210,228,1
5,3,3,187,183,104,1
5,4,3,31,35,22,-1
5,3,3,255,251,265,-1
5,3,3,64,72,58,-1
5,3,3,13,19,191,1
5,4,3,312,306,46,-1
5,4,3,81,75,60,1
5,4,3,329,337,54,1
5,4,3,340,334,318,-1
5,4,3,270,278,201,1
5,4,3,24,28,10,-1
5,3,3,154,160,170,1
6,3,3,29,35,20,-1
6,4,3,125,129,144,1
6,3,3,254,262,143,1
6,3,3,123,117,317,-1
6,3,3,20,16,3,-1
6,4,3,192,184,351,1
6,3,3,252,256,76,-1
6,4,3,157,163,339,1
6,4,3,197,201,212,1
6,3,3,222,230,92,1
6,4,3,22,30,13,-1
6,3,3,92,96,188,1
6,4,3,131,125,142,1
6,3,3,335,341,325,-1
6,4,3,60,66,202,-1
6,3,3,232,224,236,1
6,4,3,20,16,105,-1
6,4,3,320,328,317,-1
6,3,3,107,99,113,-1
6,4,3,128,124,193,-1
6,3,3,66,62,47,-1
6,3,3,54,48,154,-1
6,4,3,79,71,266,-1
6,4,3,218,212,228,1
6,3,3,155,159,35,1
6,4,3,253,249,261,1
6,4,3,327,319,304,-1
6,4,3,152,158,176,1
6,3,3,13,7,354,-1
6,3,3,244,252,267,1
6,4,3,278,284,344,-1
6,3,3,32,36,17,-1
6,4,3,282,274,15,1
6,3,3,324,332,120,-1
6,4,3,245,241,331,1
6,3,3,82,76,342,-1
6,4,3,40,46,104,-1
6,4,3,184,180,191,1
6,3,3,86,90,342,1
6,3,3,80,74,61,-1
6,3,3,187,181,14,1
6,4,3,192,184,332,1
6,3,3,92,100,112,1
6,4,3,337,329,309,-1
6,4,3,191,197,212,1
6,3,3,344,348,330,-1
6,4,3,161,157,94,1
6,3,3,129,137,8,1
6,3,3,183,187,198,1
6,4,3,251,245,45,-1
6,4,3,192,200,215,1
6,3,3,80,72,52,-1
6,3,3,28,20,2,-1
6,4,3,55,61,43,-1
6,3,3,115,107,266,1
6,4,3,310,318,86,-1
6,3,3,53,49,338,-1
6,3,3,138,132,146,1
6,3,3,260,252,48,-1
6,4,3,323,317,11,-1
6,3,3,190,184,201,1
6,4,3,202,210,223,1
6,4,3,288,292,149,-1
6,3,3,197,201,219,1
6,4,3,255,259,112,1
6,4,3,337,345,119,-1
6,3,3,233,239,9,1
6,4,3,82,78,66,-1
6,4,3,344,340,325,-1
6,3,3,221,217,27,1
6,4,3,353,359,347,-1
6,3,3,10,16,207,-1
6,4,3,167,171,4,1
6,3,3,33,29,263,-1
6,3,3,285,293,279,1
6,3,3,176,172,184,1
6,4,3,238,242,179,-1
6,3,3,129,135,149,1
6,3,3,303,311,300,-1
6,4,3,64,68,54,-1
6,3,3,248,244,16,-1
6,4,3,34,28,8,1
6,4,3,59,67,139,-1
6,3,3,190,196,212,1
6,4,3,128,122,231,1
6,4,3,301,305,291,-1
6,3,3,57,63,148,1
6,4,3,247,239,256,-1
6,4,3,208,216,10,1
6,3,3,138,130,325,1
6,4,3,71,65,46,-1
6,4,3,146,138,157,1
6,4,3,165,159,36,1
6,3,3,103,99,113,1
6,3,3,171,177,87,1
6,3,3,306,298,28,1
7,3,3,127,119,136,-1
7,4,3,212,216,235,1
7,4,3,332,324,165,-1
7,4,3,142,148,314,1
7,4,3,36,44,29,-1
7,3,3,81,75,210,-1
7,3,3,195,189,313,1
7,4,3,65,73,59,-1
7,3,3,86,90,236,1
7,4,3,240,246,334,1
7,3,3,301,307,287,-1
7,4,3,163,157,171,1
7,3,3,313,321,131,-1
7,3,3,197,189,206,1
7,3,3,33,29,18,-1
7,4,3,97,93,214,-1
7,3,3,321,317,305,-1
7,3,3,56,64,145,-1
7,4,3,153,149,310,1
7,4,3,305,297,22,-1
7,4,3,212,216,232,1
7,4,3,190,184,204,1
7,3,3,77,83,71,1
7,3,3,221,225,336,1
7,3,3,209,203,215,1
7,3,3,97,91,15,1
7,4,3,48,40,23,-1
7,4,3,265,261,6,-1
7,3,3,295,299,288,-1
7,3,3,322,330,141,-1
7,3,3,148,156,176,1
7,4,3,211,207,227,1
7,3,3,317,311,294,-1
7,4,3,41,33,17,-1
7,4,3,92,98,116,1
7,4,3,64,70,298,1
7,3,3,141,149,167,1
7,4,3,226,232,247,1
7,4,3,40,36,308,-1
7,3,3,7,1,252,-1
7,4,3,27,19,265,-1
7,3,3,176,180,336,1
7,3,3,340,334,318,-1
7,4,3,231,223,15,-1
7,3,3,124,132,255,1
7,4,3,282,288,135,-1
7,3,3,67,71,57,1
7,3,3,286,290,117,1
7,4,3,216,212,231,1
7,4,3,327,333,314,-1
7,4,3,220,228,246,1
7,4,3,65,61,50,-1
7,3,3,198,190,277,1
7,3,3,246,242,98,-1
7,4,3,31,39,103,1
7,3,3,240,234,249,-1
7,4,3,127,121,257,1
7,4,3,229,237,254,1
7,3,3,351,343,173,-1
7,4,3,335,329,54,-1
7,3,3,215,219,229,1
7,4,3,31,27,11,-1
7,3,3,229,233,246,1
7,4,3,14,20,4,1
7,3,3,181,187,332,1
7,3,3,24,16,357,-1
7,4,3,294,298,48,-1
7,3,3,103,99,205,1
7,3,3,167,161,178,1
7,3,3,184,190,72,1
7,3,3,327,319,303,-1
7,4,3,325,333,281,0
7,4,3,64,68,214,1
7,3,3,351,347,63,-1
7,3,3,22,18,159,-1
7,3,3,349,357,343,-1
7,3,3,155,161,175,1
7,3,3,275,267,187,-1
7,3,3,224,216,12,1
7,4,3,69,73,56,0
7,4,3,211,215,158,1
7,3,3,251,257,148,1
7,3,3,24,32,18,-1
7,4,3,44,52,149,-1
7,4,3,157,165,105,1
7,4,3,279,273,132,-1
7,4,3,316,310,297,-1
7,3,3,165,171,184,1
7,4,3,301,295,277,-1
7,4,3,240,232,246,-1
7,3,3,189,185,199,1
7,4,3,17,11,210,-1
7,4,3,210,214,67,1
7,3,3,268,274,73,1
7,4,3,298,302,292,-1
7,4,3,177,169,183,1
7,3,3,228,224,243,-1
8,4,3,181,185,199,-1
8,4,3,153,147,162,1
8,3,3,32,28,11,1
8,4,3,251,247,171,-1
8,4,3,11,19,7,1
8,3,3,289,285,274,-1
8,4,3,262,254,321,1
8,3,3,234,238,27,1
8,4,3,186,180,196,1
8,4,3,83,75,337,-1
8,4,3,278,274,205,-1
8,3,3,29,23,155,-1
8,3,3,114,122,295,1
8,3,3,242,246,326,-1
8,3,3,255,247,259,-1
8,3,3,264,272,173,-1
8,4,3,40,48,36,1
8,4,3,194,198,215,1
8,3,3,27,33,17,1
8,3,3,290,296,278,-1
8,3,3,356,350,93,-1
8,4,3,332,338,90,1
8,3,3,130,122,139,1
8,4,3,173,179,5,-1
8,4,3,96,92,106,1
8,4,3,101,97,107,-1
8,3,3,52,46,34,-1
8,4,3,319,311,135,-1
8,3,3,200,194,25,1
8,3,3,66,74,2,-1
8,3,3,338,342,88,-1
8,3,3,141,149,161,1
8,3,3,12,20,136,-1
8,3,3,160,168,182,1
8,3,3,324,328,314,1
8,4,3,168,174,190,-1
8,3,3,302,296,279,-1
8,3,3,35,29,288,-1
8,4,3,59,51,41,-1
8,4,3,259,265,162,-1
8,3,3,197,201,20,1
8,4,3,337,329,314,-1
8,4,3,226,232,242,1
8,4,3,128,124,321,1
8,4,3,349,341,239,1
8,4,3,33,39,292,1
8,4,3,239,235,148,-1
8,3,3,336,340,326,-1
8,3,3,209,201,16,1
8,4,3,44,38,234,1
8,4,3,300,296,279,-1
8,3,3,337,333,44,-1
8,3,3,13,5,346,1
8,3,3,132,126,139,1
8,4,3,325,321,306,-1
8,4,3,150,144,7,1
8,3,3,267,259,343,-1
8,4,3,7,13,358,-1
8,4,3,278,284,273,1
8,4,3,90,98,109,1
8,3,3,172,178,356,-1
8,4,3,6,10,145,-1
8,3,3,111,105,122,1
8,3,3,69,61,46,-1
8,3,3,173,169,291,1
8,4,3,231,239,22,-1
8,4,3,7,15,135,1
8,4,3,187,191,32,1
8,3,3,195,199,214,1
8,4,3,147,155,165,-1
8,3,3,235,239,256,-1
8,3,3,261,267,44,-1
8,4,3,140,132,145,1
8,3,3,348,356,344,1
8,3,3,156,152,165,1
8,4,3,278,286,23,1
8,3,3,160,156,167,1
8,3,3,82,88,8,-1
8,3,3,302,308,22,1
8,4,3,241,245,53,1
8,3,3,296,292,96,-1
8,3,3,115,121,139,1
8,3,3,12,20,8,1
8,4,3,331,325,50,-1
8,3,3,220,212,139,1
8,4,3,6,0,350,1
8,4,3,168,160,179,-1
8,3,3,140,146,165,1
8,4,3,307,311,296,1
8,4,3,5,9,358,1
8,4,3,271,265,159,1
8,4,3,334,328,315,-1
8,4,3,256,264,78,-1
8,4,3,291,295,70,1
8,3,3,163,159,55,1
8,3,3,133,125,53,1
1,4,3,325,321,334,-1
1,4,3,141,147,135,1
1,4,3,205,197,182,-1
1,3,3,301,309,329,1
1,4,3,236,228,215,-1
1,3,3,250,244,231,-1
1,4,3,276,282,299,1
1,3,3,193,197,180,-1
1,4,3,277,283,296,1
1,3,3,75,69,81,1
1,3,3,264,268,257,-1
1,4,3,30,26,46,-1
1,3,3,194,188,172,-1
1,3,3,104,112,96,1
1,3,3,323,331,347,1
1,4,3,258,266,252,1
1,3,3,40,32,50,-1
1,4,3,339,333,344,-1
1,4,3,350,354,6,1
1,3,3,152,158,148,1
1,3,3,117,123,112,1
1,4,3,305,309,325,1
1,3,3,162,158,142,-1
1,3,3,202,198,187,-1
1,4,3,286,280,292,-1
1,3,3,354,346,0,-1
1,4,3,226,234,221,-1
1,3,3,105,113,94,1
1,3,3,218,226,214,1
1,4,3,24,16,33,-1
1,3,3,270,276,295,1
1,3,3,311,307,319,-1
1,4,3,266,260,241,-1
1,4,3,298,290,305,-1
1,3,3,29,25,41,1
1,4,3,216,220,204,1
1,3,3,28,34,50,-1
1,4,3,113,107,94,-1
1,4,3,167,171,153,1
1,3,3,61,65,77,1
1,4,3,277,285,295,1
1,3,3,11,5,17,-1
1,3,3,141,133,118,1
1,3,3,320,324,336,1
1,4,3,192,188,171,-1
1,4,3,242,248,235,1
1,4,3,210,216,201,1
1,3,3,205,197,177,-1
1,3,3,49,43,57,-1
1,4,3,330,338,352,1
1,4,3,117,113,98,1
1,3,3,281,273,289,-1
2,3,3,179,173,156,-1
2,3,3,158,162,146,1
2,4,3,222,214,196,-1
2,3,3,278,286,300,-1
2,4,3,134,126,109,1
2,3,3,108,112,94,1
2,4,3,283,289,300,1
2,4,3,45,51,62,-1
2,3,3,246,240,223,-1
2,4,3,335,331,348,-1
2,4,3,305,301,317,1
2,3,3,314,322,339,1
2,3,3,189,185,167,-1
2,4,3,279,283,293,-1
2,4,3,16,10,23,-1
2,4,3,208,216,199,1
2,3,3,211,207,196,-1
2,4,3,338,342,2,-1
2,3,3,150,156,145,1
2,4,3,160,168,154,1
2,3,3,9,1,16,-1
2,3,3,124,130,112,1
2,4,3,277,271,290,-1
2,3,3,318,310,328,-1
2,3,3,40,46,60,-1
2,4,3,12,4,22,1
2,3,3,183,191,173,-1
2,4,3,202,206,193,-1
2,3,3,277,273,288,-1
2,4,3,265,259,242,-1
2,3,3,137,145,132,1
2,4,3,121,125,110,1
2,4,3,268,262,246,-1
2,3,3,313,319,335,-1
2,4,3,65,57,74,-1
2,3,3,31,27,40,-1
2,3,3,118,124,112,-1
2,3,3,40,46,60,1
2,4,3,12,4,22,1
2,3,3,183,191,173,-1
2,4,3,202,206,193,-1
2,3,3,277,273,288,1
2,4,3,265,259,242,-1
2,3,3,137,145,132,1
2,4,3,121,125,110,1
2,4,3,268,262,246,-1
2,3,3,313,319,335,1
2,4,3,65,57,74,-1
2,3,3,31,27,40,-1
2,3,3,118,124,112,-1
3,4,3,133,125,110,-1
3,4,3,326,318,334,-1
3,4,3,43,39,57,1
3,3,3,276,270,251,-1
3,3,3,42,50,68,1
3,4,3,31,37,50,1
3,3,3,49,57,74,-1
3,3,3,180,184,171,1
3,3,3,213,207,196,-1
3,4,3,284,290,308,1
3,3,3,191,195,176,-1
3,4,3,59,55,66,-1
3,4,3,122,114,101,-1
3,3,3,63,55,69,-1
3,3,3,24,16,34,-1
3,4,3,42,46,57,-1
3,4,3,334,328,345,-1
3,4,3,210,218,202,1
3,3,3,249,245,232,-1
3,4,3,71,65,77,-1
3,3,3,273,269,254,-1
3,3,3,234,240,223,1
3,4,3,355,359,12,-1
3,4,3,214,222,212,1
3,3,3,182,188,176,1
3,4,3,309,301,311,-1
3,4,3,162,156,139,1
3,4,3,124,128,111,1
3,3,3,199,207,192,-1
3,3,3,45,51,65,1
3,3,3,298,294,304,-1
3,4,3,172,176,158,1
3,4,3,216,210,194,-1
3,3,3,284,280,300,-1
3,3,3,6,12,26,1
3,4,3,332,324,342,-1
3,3,3,108,116,97,1
3,4,3,171,179,163,-1
3,3,3,316,320,335,1
3,4,3,321,329,341,1
3,4,3,172,168,153,1
3,4,3,162,168,149,1
3,3,3,213,205,192,-1
3,4,3,225,231,214,1
3,3,3,283,277,292,-1
3,3,3,323,327,341,1
3,3,3,269,261,244,-1
3,4,3,143,139,121,-1
3,3,3,34,28,41,1
3,4,3,342,350,4,1
4,4,3,356,352,8,-1
4,4,3,198,190,171,1
4,3,3,5,13,30,1
4,3,3,151,155,141,1
4,3,3,179,173,159,-1
4,4,3,238,230,212,-1
4,4,3,329,325,343,-1
4,4,3,30,36,46,0
4,4,3,113,119,107,1
4,4,3,47,53,63,-1
4,3,3,129,123,106,-1
4,3,3,66,74,89,1
4,3,3,228,232,214,-1
4,3,3,156,152,141,1
4,4,3,343,337,355,1
4,3,3,110,106,95,-1
4,4,3,276,280,292,1
4,4,3,259,267,247,0
4,4,3,329,333,350,1
4,3,3,100,106,92,1
4,4,3,24,18,28,-1
4,3,3,78,70,83,-1
4,4,3,242,250,232,-1
4,3,3,103,109,96,1
4,3,3,69,61,72,-1
4,4,3,36,28,46,-1
4,3,3,282,288,305,1
4,4,3,237,231,221,1
4,4,3,123,117,98,0
4,4,3,235,239,228,1
4,3,3,66,72,87,-1
4,3,3,301,297,314,-1
4,4,3,130,134,115,1
4,3,3,138,146,129,1
4,3,3,138,144,132,-1
4,4,3,356,348,4,1
4,3,3,71,67,84,-1
4,3,3,234,242,226,1
4,3,3,238,230,214,-1
4,4,3,346,354,13,1
4,4,3,214,210,191,1
4,4,3,113,109,98,1
4,4,3,223,229,218,1
4,3,3,270,262,251,-1
4,4,3,206,212,199,1
4,3,3,1,5,22,1
4,3,3,35,29,43,-1
4,3,3,345,349,6,1
4,4,3,19,27,42,-1
4,3,3,70,64,81,-1
5,4,3,21,17,35,-1
5,4,3,321,327,344,1
5,3,3,320,328,342,1
5,3,3,116,110,91,-1
5,4,3,320,326,342,1
5,3,3,272,280,299,1
5,4,3,350,346,357,-1
5,4,3,163,155,142,-1
5,3,3,246,250,236,-1
5,3,3,127,121,101,-1
5,3,3,125,129,116,1
5,4,3,252,244,233,-1
5,4,3,27,21,41,-1
5,4,3,266,270,284,-1
5,4,3,348,352,6,1
5,3,3,131,137,124,1
5,4,3,66,60,71,-1
5,4,3,182,190,173,1
5,3,3,248,244,224,-1
5,3,3,160,166,152,1
5,3,3,72,64,77,-1
5,4,3,140,148,137,1
5,3,3,319,311,327,-1
5,3,3,129,125,106,-1
5,3,3,294,290,307,-1
5,4,3,17,9,28,-1
5,4,3,241,245,232,1
5,4,3,221,215,201,1
5,3,3,280,276,294,1
5,4,3,131,125,111,1
5,3,3,32,38,52,1
5,4,3,312,304,321,1
5,3,3,127,135,120,1
5,4,3,206,210,193,-1
5,3,3,210,218,208,1
5,3,3,330,336,349,1
5,4,3,99,105,90,1
5,3,3,316,320,332,1
5,4,3,214,220,202,1
5,4,3,328,336,352,1
5,3,3,323,317,328,-1
5,3,3,58,52,65,-1
5,3,3,199,191,172,1
5,4,3,231,227,216,1
5,4,3,140,136,124,1
5,3,3,215,207,195,-1
5,3,3,23,27,37,-1
5,4,3,344,352,2,1
6,3,3,338,346,4,-1
6,4,3,315,321,339,-1
6,3,3,44,52,65,1
6,4,3,153,145,130,1
6,4,3,333,329,344,-1
6,4,3,351,347,1,-1
6,4,3,29,35,46,-1
6,3,3,130,124,105,-1
6,3,3,111,105,94,-1
6,4,3,188,180,167,1
6,3,3,129,133,123,-1
6,3,3,152,156,143,1
6,4,3,339,333,348,-1
6,4,3,345,349,7,1
6,3,3,296,288,307,-1
6,4,3,297,291,302,-1
6,4,3,189,197,186,1
6,3,3,142,148,137,1
6,3,3,12,4,16,-1
6,4,3,305,309,327,1
6,4,3,98,106,92,1
6,3,3,238,234,218,-1
6,3,3,113,109,97,-1
6,3,3,227,233,217,-1
6,3,3,160,168,157,1
6,4,3,352,344,359,1
6,4,3,129,123,112,1
6,4,3,286,278,292,1
6,3,3,147,155,145,1
6,3,3,316,312,328,-1
6,3,3,268,274,287,1
6,4,3,230,224,212,-1
6,4,3,157,161,142,1
6,4,3,122,126,111,1
6,3,3,66,62,77,-1
6,3,3,22,28,42,-1
6,4,3,353,347,359,-1
6,3,3,147,139,127,-1
6,4,3,212,218,199,1
6,4,3,267,275,293,1
6,3,3,140,132,121,-1
6,3,3,279,283,293,1
6,4,3,152,158,147,-1
6,3,3,294,288,302,1
6,4,3,202,198,178,1
6,4,3,249,245,231,-1
6,4,3,330,338,351,-1
6,3,3,15,9,23,-1
6,3,3,297,301,315,1
7,3,3,346,354,9,-1
7,4,3,71,67,82,-1
7,3,3,325,333,347,1
7,4,3,9,15,34,-1
7,3,3,202,196,184,1
7,4,3,227,219,200,0
7,3,3,110,104,93,-1
7,3,3,263,267,248,-1
7,4,3,11,7,19,-1
7,3,3,77,71,83,1
7,4,3,47,53,72,-1
7,4,3,231,223,205,-1
7,3,3,156,160,141,1
7,3,3,209,215,203,1
7,3,3,114,110,95,1
7,4,3,284,278,292,-1
7,3,3,312,304,323,-1
7,4,3,221,229,217,1
7,4,3,247,255,244,1
7,4,3,293,287,300,-1
7,4,3,267,271,283,1
7,3,3,182,188,170,1
7,3,3,109,105,92,1
7,4,3,294,298,311,1
7,3,3,38,30,48,-1
7,4,3,140,144,131,1
7,4,3,219,213,196,1
7,4,3,164,158,143,1
7,3,3,53,59,75,1
7,3,3,162,170,159,1
7,4,3,333,325,338,-1
7,3,3,286,292,307,1
7,4,3,345,337,354,-1
7,4,3,212,216,198,1
7,3,3,322,318,328,-1
7,3,3,350,346,4,-1
7,3,3,184,192,180,1
7,4,3,94,100,90,-1
7,4,3,235,241,228,1
7,3,3,177,169,150,1
7,3,3,64,58,78,-1
7,3,3,310,314,328,-1
7,3,3,312,316,331,-1
7,4,3,272,280,292,1
7,3,3,20,14,29,-1
7,4,3,171,167,156,1
7,4,3,238,234,223,-1
7,3,3,264,256,239,-1
7,4,3,58,66,81,-1
8,4,3,286,282,301,1
8,3,3,154,148,132,1
8,3,3,195,199,188,1
8,3,3,147,151,139,1
8,3,3,249,243,226,-1
8,4,3,25,21,31,1
8,4,3,218,210,191,-1
8,3,3,340,348,6,1
8,4,3,348,354,4,-1
8,3,3,61,69,86,1
8,4,3,17,23,39,1
8,4,3,132,124,108,1
8,4,3,138,146,133,-1
8,3,3,196,192,176,1
8,4,3,262,270,255,0
8,4,3,34,28,45,-1
8,3,3,202,208,188,1
8,4,3,285,289,307,-1
8,4,3,290,284,299,-1
8,3,3,255,251,236,1
8,3,3,249,255,242,-1
8,3,3,13,5,23,-1
8,4,3,60,64,81,-1
8,3,3,12,4,14,-1
8,3,3,51,57,76,1
8,3,3,295,291,310,-1
8,3,3,213,221,202,1
8,4,3,169,163,148,1
8,3,3,234,242,223,1
8,3,3,351,347,6,1
8,4,3,264,268,254,-1
8,4,3,130,134,117,1
8,4,3,337,329,348,-1
8,4,3,26,18,36,1
8,4,3,230,224,213,-1
8,3,3,50,56,75,1
8,3,3,282,276,289,1
8,4,3,272,280,296,1
8,3,3,69,73,88,-1
8,4,3,152,158,141,-1
8,3,3,33,27,37,1
8,3,3,209,201,190,-1
8,4,3,163,159,146,-1
8,4,3,208,214,198,-1
8,4,3,191,187,168,1
8,4,3,289,297,314,1
8,3,3,128,120,105,1
8,3,3,332,336,347,-1
